name	JRegion	P
IGHJ1*00	GCTGAATACTTCCAGCACTGGGGCCAGGGCACCCTGGTCACCGTCTCCTCAGG	CAGTGCTGGAAGTATTCAGC
IGHJ1P*00	AAAGGTGCTGGGGGCCCCTGGACCCGACCCGCCCTGGAGACCGCAGCCACATC	CAGGGGCCCCCAGCACCTTT
IGHJ2*00	CTACTGGTACTTCGATCTCTGGGGCCGTGGCACCCTGGTCACTGTCTCCTCAGG	AGAGATCGAAGTACCAGTAG
IGHJ2P*00	GCTACAAGTGCTTGGAGCACTGGGGCCAGGGCAGCCCGGCCACCGTCTCCCTGGGAACG	GTGCTCCAAGCACTTGTAGC
IGHJ3*00	TGATGCTTTTGATATCTGGGGCCAAGGGACAATGGTCACCGTCTCTTCAGG	CCCAGATATCAAAAGCATCA
IGHJ3P*00	CTTGCAGTTGGACTTCCCAGGCCGACAGTGGTCTGGCTTCTGAGGGGTCA	CTGGGAAGTCCAACTGCAAG
IGHJ4*00	ACTACTTTGACTACTGGGGCCAGGGAACCCTGGTCACCGTCTCCTCAGG	GCCCCAGTAGTCAAAGTAGT
IGHJ5*00	ACAACTGGTTCGACCCCTGGGGCCAGGGAACCCTGGTCACCGTCTCCTCAGG	CCAGGGGTCGAACCAGTTGT
IGHJ6*00	ATTACTACTACTACTACTACATGGACGTCTGGGGCAAAGGGACCACGGTCACCGTCTCCTCAGG	GTAGTAGTAGTAGTAGTAAT
