name	UTR5	L1	VIntron	L2	VRegion	P
IGHV1-2*00	ATTTACTGAAGTAAATACAGATCTGTCCTGTGCCCTGAGAGCATCACCCAGCAACCACATCTGTCCTCTAGAGAATCCCCTGAGAGCTCCGTTCCTCACC	ATGGACTGGACCTGGAGGATCCTCTTCTTGGTGGCAGCAGCCACAG	GTAAGAGGCTCCCTAGTCCCAGTGATGAGAAAGAGATTGAGTCCAGTCCAGGGAGATCTCATCCACTTCTGTGTTCTCTCCACAG	GAGCCCACTCC	CAGGTGCAGCTGGTGCAGTCTGGGGCTGAGGTGAAGAAGCCTGGGGCCTCAGTGAAGGTCTCCTGCAAGGCTTCTGGATACACCTTCACCGGCTACTATATGCACTGGGTGCGACAGGCCCCTGGACAAGGGCTTGAGTGGATGGGATGGATCAACCCTAACAGTGGTGGCACAAACTATGCACAGAAGTTTCAGGGCAGGGTCACCATGACCAGGGACACGTCCATCAGCACAGCCTACATGGAGCTGAGCAGGCTGAGATCTGACGACACGGCCGTGTATTACTGTGCGAGAGAC	GTCTCTCGCACAGTAATACA
IGHV1-3*00	ATGCAAATAACTGAGATGACTATAGATATCTTTGTGCCCTGAGAGCATCACCCAACAACCACATCCCTCCTCAGAAGCCCCCAGAGCACAACTCCTCACC	ATGGACTGGACCTGGAGGATCCTCTTTTTGGTGGCAGCAGCCACAG	GTAAGGGGCTGCCAAATCCCAGTGAGGAGGAAGGGATCGAAGCCAGTCAAGGGGGCTTCCATCCACTCCTGTGTCTTCTCTACAG	GTGTCCACTCC	CAGGTTCAGCTGGTGCAGTCTGGGGCTGAGGTGAAGAAGCCTGGGGCCTCAGTGAAGGTTTCCTGCAAGGCTTCTGGATACACCTTCACTAGCTATGCTATGCATTGGGTGCGCCAGGCCCCCGGACAAAGGCTTGAGTGGATGGGATGGAGCAACGCTGGCAATGGTAACACAAAATATTCACAGGAGTTCCAGGGCAGAGTCACCATTACCAGGGACACATCCGCGAGCACAGCCTACATGGAGCTGAGCAGCCTGAGATCTGAGGACATGGCTGTGTATTACTGTGCGAGAGAC	GTCTCTCGCACAGTAATACA
IGHV1-8*00	GCTCTTCTGAGGTAAATATAGGTATATTGGTGCCCTGAGAGCATCACTCAACAACCACATCTGTCCTCTAGAGAAAACCCTGTGAGCACAGCTCCTCACC	ATGGACTGGACCTGGAGGATCCTCTTCTTGGTGGCAGCAGCTACAA	GTAAGGGGCTTCCTAGTCTCAAAGCTGAGGAACGGATCCTGGTTCAGTCAAAGAGGATTTTATTCTCTCCTGTGTTCTCTCCACAG	GTGCCCACTCC	CAGGTGCAGCTGGTGCAGTCTGGGGCTGAGGTGAAGAAGCCTGGGGCCTCAGTGAAGGTCTCCTGCAAGGCTTCTGGATACACCTTCACCAGTTATGATATCAACTGGGTGCGACAGGCCACTGGACAAGGGCTTGAGTGGATGGGATGGATGAACCCTAACAGTGGTAACACAGGCTATGCACAGAAGTTCCAGGGCAGAGTCACCATGACCAGGAACACCTCCATAAGCACAGCCTACATGGAGCTGAGCAGCCTGAGATCTGAGGACACGGCCGTGTATTACTGTGCGAGAGGC	GCCTCTCGCACAGTAATACA
IGHV1-12*00	TGTTCTGTGCCCTGAGAGAATCACCTGAGAGAATCCCCTGAGAGCACATCTCCTCATGGGCTGGACCTGCAAGATCCTCTTCTTGGTGGCAGCAGCCACA	GGTAAGCAGTTCCCAGGTCCAAGTAATGAGGAGGGGATTGAGTCCA	GTCAAGGGGGCTTTCATCCACTCCTGTGTCCTCCCCACAG	GTGCCCACTCC	CAGGTGCAGCTGGTGCAATCTGGGGCTGAGGTGAAGAAGCCTGGGGCCTCAGTGAAGGTCTCCTGCAAGGCTTCTGGATACACCTTCACCTACTGCTACTTGCACTGGGTATGACAGGCCCCTGGACAAGGGCTTGAATGGACAGGATT	AATCCTGTCCATTCAAGCCC
IGHV1-14*00				GCCTCAGTGAA	GGTCTCCTGCAAAGCTCTGGATACACCTTCGCCAGCTACGACATTCACTGTGTGTGACAGGCCCCTGGATAAGGGTTTGAATGGATGGTAGGGAGCTACTCTGGCAATGGTAACACAGGCTATGCACAGAAGTTTCAGGGCAGAGTCACCATGACCAGGGACACGTCCACGAGCACAGCCTACATGGAGCTGAGCAGTCAGAGATCTGAGGACATAGATGTGTACTACTGTGCGAGACAC	GTGTCTCGCACAGTAGTACA
IGHV1-17*00	GAGATCCACTGAGGTAAATTTGGATGTCTGTGCCCTGAGAGCATCACCCAACAACCACATCCCTCCTCTATAGAAGCCCCTGAGAGCACAGCTCCTCACC	ATGGACTGTACCTGGGGGATCCTCTTCTTGGTGGCAGCTGCCACAG	GTAAGGGGCTCCCAAGTCCTAGTGATGAGGAGGGGATTGAGTCCAGTCAAGGGGGCTTTTATCATCTCCTCCCTTCTCCTCACAG	ATGTCCATTCC	CAGGTTCAGCTGTTGCAGCCTGGGGCTGAGGTGAAGAAGCCTGCGTCCTCAGTGAAGGTCTCCTGCCAGGCTTCCAGATACACCTTCACCAAATACTTTACACAGTGGGTGCGACAGGGCCCTGGACAAGGGCATAGTGGTTGGGATGCATCAACCCTTACAATGATAACACACACTACGCACAGAAGTTCCGGGGCAGAGTCACCATTACCAGTGACAGGTCCGTGAGCACAGCCTACATGGAGCTGAGCAGCCTGAGATCTGAAGACATGGTCGTGTATTCCTGTGTGAGAGAC	GTCTCTCACACAGGAATACA
IGHV1-18*00	CAAATAACTGAGGTGAATATAGATATCTGTGTGCCCTGAGAGCATCACCCAAAAACCACACCCCTCCTTGGGAGAATCCCCTAGATCACAGCTCCTCACC	ATGGACTGGACCTGGAGCATCCTTTTCTTGGTGGCAGCAGCAACAG	GTAACGGACTCCCCAGTCCCAGGGCTGAGAGAGAAACCAGGCCAGTCATGTGAGACTTCACCCACTCCTGTGTCCTCTCCACAG	GTGCCCACTCC	CAGGTTCAGCTGGTGCAGTCTGGAGCTGAGGTGAAGAAGCCTGGGGCCTCAGTGAAGGTCTCCTGCAAGGCTTCTGGTTACACCTTTACCAGCTATGGTATCAGCTGGGTGCGACAGGCCCCTGGACAAGGGCTTGAGTGGATGGGATGGATCAGCGCTTACAATGGTAACACAAACTATGCACAGAAGCTCCAGGGCAGAGTCACCATGACCACAGACACATCCACGAGCACAGCCTACATGGAGCTGAGGAGCCTGAGATCTGACGACACGGCCGTGTATTACTGTGCGAGAGAC	GTCTCTCGCACAGTAATACA
IGHV1-24*00	CTGTCTACCGAGGTAAATACAGATCTTTCCTTGCCCAGAGACCATCACACAACAGCCACATCCCTCCCCTACAGAAGCCCCCAGAGCGCAGCACCTCACC	ATGGACTGCACCTGGAGGATCCTCTTCTTGGTGGCAGCAGCTACAG	GCAAGAGAATCCTGAGTTCCAGGGCTGATGAGGGGACTGGGTCCAGTTAAGTGGTGTCTCATCCACTCCTCTGTCCTCTCCACAG	GCACCCACGCC	CAGGTCCAGCTGGTACAGTCTGGGGCTGAGGTGAAGAAGCCTGGGGCCTCAGTGAAGGTCTCCTGCAAGGTTTCCGGATACACCCTCACTGAATTATCCATGCACTGGGTGCGACAGGCTCCTGGAAAAGGGCTTGAGTGGATGGGAGGTTTTGATCCTGAAGATGGTGAAACAATCTACGCACAGAAGTTCCAGGGCAGAGTCACCATGACCGAGGACACATCTACAGACACAGCCTACATGGAGCTGAGCAGCCTGAGATCTGAGGACACGGCCGTGTATTACTGTGCAACAGAC	GTCTGTTGCACAGTAATACA
IGHV1-45*00	GATCGACTGAGGTAAATATGGATATGTCTGTGCCCTGAGAGCATCACCCAACAACCACATCCCTCCTCTAGAGAATCCCCTGAAAGCACAGCTCCTCACC	ATGGACTGGACCTGGAGAATCCTCTTCTTGGTGGCAGCAGCCACAG	GTAAGGGGCTCCCAAGTCCCAGTGATGAGGAGGGGATTGAGTCCAGTCAAGGTGGCTTTTATCCACTCCTGTGTCCCCTCCACAG	ATGCCTACTCC	CAGATGCAGCTGGTGCAGTCTGGGGCTGAGGTGAAGAAGACTGGGTCCTCAGTGAAGGTTTCCTGCAAGGCTTCCGGATACACCTTCACCTACCGCTACCTGCACTGGGTGCGACAGGCCCCCGGACAAGCGCTTGAGTGGATGGGATGGATCACACCTTTCAATGGTAACACCAACTACGCACAGAAATTCCAGGACAGAGTCACCATTACCAGGGACAGGTCTATGAGCACAGCCTACATGGAGCTGAGCAGCCTGAGATCTGAGGACACAGCCATGTATTACTGTGCAAGATAC	GTATCTTGCACAGTAATACA
IGHV1-46*00	GATCTACTGAGGTAAATATGGATACATCTGGGCCCTGAAAGCATCATCCAACAACCACATCCCTTCTCTACAGAAGCCTCTGAGAGGAAAGTTCTTCACC	ATGGACTGGACCTGGAGGGTCTTCTGCTTGCTGGCTGTAGCTCCAG	GTAAAGGGCCAACTGGTTCCAGGGCTGAGGAAGGGATTTTTTCCAGTTTAGAGGACTGTCATTCTCTACTGTGTCCTCTCCGCAG	GTGCTCACTCC	CAGGTGCAGCTGGTGCAGTCTGGGGCTGAGGTGAAGAAGCCTGGGGCCTCAGTGAAGGTTTCCTGCAAGGCATCTGGATACACCTTCACCAGCTACTATATGCACTGGGTGCGACAGGCCCCTGGACAAGGGCTTGAGTGGATGGGAATAATCAACCCTAGTGGTGGTAGCACAAGCTACGCACAGAAGTTCCAGGGCAGAGTCACCATGACCAGGGACACGTCCACGAGCACAGTCTACATGGAGCTGAGCAGCCTGAGATCTGAGGACACGGCCGTGTATTACTGTGCGAGAGAC	GTCTCTCGCACAGTAATACA
IGHV1-58*00	GATGCACTGAGGTAAATATGGATATTTGTCAGCCCTGAGAGCATCATCCAGAAACCACATCCCTCCGCTAGAGAAGCCCCTGACGGCACAGTTCCTCACT	ATGGACTGGATTTGGAGGGTCCTCTTCTTGGTGGGAGCAGCGACAG	GCAAGGAGATGCCAAGTCCCAGTGATGAGGAGGGGATTGAGTCCAGTCAAGGTGGCTTTCATCCACTCCTGTGTTCTCTCCACAG	GTGCCCACTCC	CAAATGCAGCTGGTGCAGTCTGGGCCTGAGGTGAAGAAGCCTGGGACCTCAGTGAAGGTCTCCTGCAAGGCTTCTGGATTCACCTTTACTAGCTCTGCTATGCAGTGGGTGCGACAGGCTCGTGGACAACGCCTTGAGTGGATAGGATGGATCGTCGTTGGCAGTGGTAACACAAACTACGCACAGAAGTTCCAGGAAAGAGTCACCATTACCAGGGACATGTCCACAAGCACAGCCTACATGGAGCTGAGCAGCCTGAGATCCGAGGACACGGCCGTGTATTACTGTGCGGCAGAC	GTCTGCCGCACAGTAATACA
IGHV1-67*00	CACCTGAGGTGAACACTACAGATAACTCTGTGCCCTGAGAGCATCACCCAATAACCACATCCCTCCTCTAGAGAAGCCCCTGAGAGCACAGCTCCTCACC	ATGGAGTGGACTTGGAGGATCCTAATTTTGGTGGTCGTAGCTGCAG	GTAGGATAATTCTCAGTCCCCAGGACTAAGGTGACTGGGTCCAGTCAAAGGGGGTTTTATCCACTCCCGTGTCCTCTCCACAG	GTGCCCAGTCC	CAGGTGCAGCTGGTGCAGTCTGGGGATGAGATGAAGAAGGCTGGGGCATCAGTGAAAGTCTCCTGCAAGACTTGTGGATACACCTACCTTCACCAGTTACTCTATGCACTAGGTGCGCCAGGCCCATGCACAAGGGCTTGAGTGGATGGGAAGGATGTGCCCTAGTGATGGCAGCATAAGCTACGCAGAGAAGTTCCAGGGCAGAGTCACCATGACCAGGGACACATCCACGAGCACAGCCTACATGGAGCTGAGCAGCCTGAGATCTGAAGACACGGCCATGTATTACTGTGGGAGAGAC	GTCTCTCCCACAGTAATACA
IGHV1-68*00	CCTGAGATCCACTGAGGTAAATATGGTCTGTGCCCTGAGAGCTTCACCCAACAATCACATCCCGCCTCTAGAGAATCCCCCGAGAGCATGGCTCCTCACC	ATGGACAGGACCTAGAGCTAATCTTCCTGGTGGCAGCAGCTACAG	GTAAGGTGCTCCCAAGTCCCAGTGATGAGAAGGGGATTGAGTACAGTCAAGGAGGCTTTCATCCACTCCTGTGTCCCACCCTCCAATGG	GTGTCTGCTCC	CAGGTGCAGCTGGGGCAGTCTGAGGCTGAGGTAAAGAAGCCTGGGGCCTCAGTGAAGGTCTCCTGCAAGGCTTCCGGATACACCTTCACTTGCTGCTCCTTGCACTGGTTGCAACAGGCCCCTGGACAAGGGCTTGAAAGGATGAGATGGATCACACTTTACAATGGTAACACCAACTATGCAAAGAAGTTCCAGGGCAGAGTCACCATTACCAGGGACATGTCCCTGAGGACAGCCTACATAGAGCTGAGCAGCCTGAGATCTGAGGACTCGGCTGTGTATTACTGGGCAAGATACACGGTGCGAGAACCCACATCCTGAGAGAGTCAGGAACCC	GGGTTCCTGACTCTCTCAGG
IGHV1-69*00	GGTCTTCTGAGATAAATATAGATATATTGGTGCCCTGAGAGCATCACATAACAACCACATTCCTCCTCTGAAGAAGCCCCTGGGAGCACAGCTCATCACC	ATGGACTGGACCTGGAGGTTCCTCTTTGTGGTGGCAGCAGCTACAG	GTAAGGGGCTTCCTAGTCCTAAGGCTGAGGAAGGGATCCTGGTTTAGTTAAAGAGGATTTTATTCACCCCTGTGTCCTCTCCACAG	GTGTCCAGTCC	CAGGTGCAGCTGGTGCAGTCTGGGGCTGAGGTGAAGAAGCCTGGGTCCTCGGTGAAGGTCTCCTGCAAGGCTTCTGGAGGCACCTTCAGCAGCTATGCTATCAGCTGGGTGCGACAGGCCCCTGGACAAGGGCTTGAGTGGATGGGAGGGATCATCCCTATCTTTGGTACAGCAAACTACGCACAGAAGTTCCAGGGCAGAGTCACGATTACCGCGGACAAATCCACGAGCACAGCCTACATGGAGCTGAGCAGCCTGAGATCTGAGGACACGGCCGTGTATTACTGTGCGAGAGAC	GTCTCTCGCACAGTAATACA
IGHV1-69-2*00	GAGAGCAGCACCTCACC	ATGGACTGCACCTGGAGGATCCTCCTCTTGGTGGCAGCAGCTACAG	GTAAGAGAATCCTTAGTTCCAGGGCTGATGAGGGGACTGGGTCCAGTTAAGTGGTGTCTCATCCACTCCTTTCTCTTCTCCACAG	GCACCCACGCC	GAGGTCCAGCTGGTACAGTCTGGGGCTGAGGTGAAGAAGCCTGGGGCTACAGTGAAAATCTCCTGCAAGGTTTCTGGATACACCTTCACCGACTACTACATGCACTGGGTGCAACAGGCCCCTGGAAAAGGGCTTGAGTGGATGGGACTTGTTGATCCTGAAGATGGTGAAACAATATACGCAGAGAAGTTCCAGGGCAGAGTCACCATAACCGCGGACACGTCTACAGACACAGCCTACATGGAGCTGAGCAGCCTGAGATCTGAGGACACGGCCGTGTATTACTGTGCAACAGAC	GTCTGTTGCACAGTAATACA
IGHV1-69D*00	TCTAAAGAAGCCCCTGGGAGCACAGCTCATCACC	ATGGACTGGACCTGGAGGTTCCTCTTTGTGGTGGCAGCAGCTACAG	GTAAGGGGCTTCCTAGTCCTAAGGCTGAGGAAGGGATCCTGGTTTAGTTAAAGAGGATTTTATTCACCCCTGTGTCCTCTCCACAG	GTGTCCAGTCC	CAGGTGCAGCTGGTGCAGTCTGGGGCTGAGGTGAAGAAGCCTGGGTCCTCGGTGAAGGTCTCCTGCAAGGCTTCTGGAGGCACCTTCAGCAGCTATGCTATCAGCTGGGTGCGACAGGCCCCTGGACAAGGGCTTGAGTGGATGGGAGGGATCATCCCTATCTTTGGTACAGCAAACTACGCACAGAAGTTCCAGGGCAGAGTCACGATTACCGCGGACGAATCCACGAGCACAGCCTACATGGAGCTGAGCAGCCTGAGATCTGAGGACACGGCCGTGTATTACTGTGCGAGAGAC	GTCTCTCGCACAGTAATACA
IGHV2-5*00	GGGCACAGATGAGGGGAATGCAAATCTCCACCAGCTCCACCCTCCTCTGGGTTGAAAAAGCCGAGCACAGGTCCCAGCTCAGTGACTCCTGTGCCCCACC	ATGGACACACTTTGCTCCACGCTCCTGCTGCTGACCATCCCTTCAT	GTGAGTGCTGTGGTCAGGGACTCCTTCACGGGTGAAACATCAGTTTTCTTGTTTGTGGGCTTCATCTTCTTATGCTTTCTCCACAG	GGGTCTTGTCC	CAGATCACCTTGAAGGAGTCTGGTCCTACGCTGGTGAAACCCACACAGACCCTCACGCTGACCTGCACCTTCTCTGGGTTCTCACTCAGCACTAGTGGAGTGGGTGTGGGCTGGATCCGTCAGCCCCCAGGAAAGGCCCTGGAGTGGCTTGCACTCATTTATTGGAATGATGATAAGCGCTACAGCCCATCTCTGAAGAGCAGGCTCACCATCACCAAGGACACCTCCAAAAACCAGGTGGTCCTTACAATGACCAACATGGACCCTGTGGACACAGCCACATATTACTGTGCACACAGACC	GGTCTGTGTGCACAGTAATA
IGHV2-10*00	GGCTCAGAAGAGGGGATGCAAATCTCCACCAGCTCCACCCTTCTCTGTGTTGAAAAGCCGAGCATGGGGACCTAGTTCAGTGACTCCTGTGCCCCACCAC	ATGGAGCTTTACTCCACGCTTCTCCTGCTGACTGTCCCTTCCT	GTGAGTTCAGTGGTCAGGGAATCCTTCAGGGGTGAAACACCTGTTCTTTTCTTTGTGGGCTTCATCTTCTTATGCTTTCTCCACAG	GGGTCTTATCC	CAGGTCACCTTGAAGGAGTCTGGTCCTGCACTGGTGAAACCCACACAGACCCTCATGCTGACCTGCACCTTCTCTGGGTTCTCACTCAGCACTTCTGGAATGGGTGTGGGTTAGATCTGTCAGCCCTCAGCAAAGGCCCTGGAGTGGCTTGCACACATTTATTAGAATGATAATAAATACTACAGCCCATCTCTGAAGAGTAGGCTCATTATCTCCAAGGACACCTCCAAGAATGAAGTGGTTCTAACAGTGATCAACATGGACATTGTGGACACAGCCACACATTACTGTGCAAGGAGACC	GGTCTCCTTGCACAGTAATG
IGHV2-26*00	TAGGACTCAGATGAGGGAATGCAAATCTCCACCAGCTCCACCCTCCTCTGGGTTCAAAAGCTGAGCACGGGGCCTCGCTCAGTGACTCCTGTGCCCCACC	ATGGACACACTTTGCTACACACTCCTGCTGCTGACCACCCCTTCCT	GTGAGTGCTGTGGTCAGGGACTTCCTCAGAAGTGAAACATCAGTTGTCTCCTTTGTGGGCTTCATCTTCTTATGTCTTCTCCACAG	GGGTCTTGTCC	CAGGTCACCTTGAAGGAGTCTGGTCCTGTGCTGGTGAAACCCACAGAGACCCTCACGCTGACCTGCACCGTCTCTGGGTTCTCACTCAGCAATGCTAGAATGGGTGTGAGCTGGATCCGTCAGCCCCCAGGGAAGGCCCTGGAGTGGCTTGCACACATTTTTTCGAATGACGAAAAATCCTACAGCACATCTCTGAAGAGCAGGCTCACCATCTCCAAGGACACCTCCAAAAGCCAGGTGGTCCTTACCATGACCAACATGGACCCTGTGGACACAGCCACATATTACTGTGCACGGATACC	GGTATCCGTGCACAGTAATA
IGHV2-70*00	TAGGGCTCAGATGAGGGGATGCAAATCTCCACCAGCTCCACCCTCCCCTGGGTTCAAAAGACGAGGACAGGGCCTCGCTCAGTGAATCCTGCTCTCCACC	ATGGACATACTTTGTTCCACGCTCCTGCTACTGACTGTCCCGTCCT	GTGAGTGCTGTGGTCAGGTAGTACTTCAGAAGCAAAAAATCTATTCTCTCCTTTGTGGGCTTCATCTTCTTATGTCTTCTCCACAG	GGGTCTTATCC	CAGGTCACCTTGAGGGAGTCTGGTCCTGCGCTGGTGAAACCCACACAGACCCTCACACTGACCTGCACCTTCTCTGGGTTCTCACTCAGCACTAGTGGAATGTGTGTGAGCTGGATCCGTCAGCCCCCAGGGAAGGCCCTGGAGTGGCTTGCACTCATTGATTGGGATGATGATAAATACTACAGCACATCTCTGAAGACCAGGCTCACCATCTCCAAGGACACCTCCAAAAACCAGGTGGTCCTTACAATGACCAACATGGACCCTGTGGACACAGCCACGTATTATTGTGCACGGATACC	GGTATCCGTGCACAATAATA
IGHV3-6*00	AACCAGCTAAACCCTGACCCTGCAGCTCTGGCAGAGGAGCCTCAGCCCCGGGATTCCCAGGTGTTTCTGCTTGGTCAACACTGAACATACAGGATTCACC	ATGGAGTTGGGGCTGAGGTGGGTTTTCCTTGCTGCTATTTTAAAAG	GTGATTTATGGAGAACTAGAGCTATTGAGTGTGAATGGACATAAGTGAGCGAAACAGTGGATATGTGTGGCAGTTTCTTACCAGGATGTCTCTGTGTTTGCAG	GTGTCCAGTGT	GAGATGCAGCTGGTAGAGTCTGGAGCAAACTTGACAAAGCCTGGGTGTCCCTGAGACTCTCCTGTGCAGCCTCTGGATTCACCTTCAGTAGCCATAGCACGCACTGGGTCCCCCAGGCTCCAGGGAAGGGTCTGCAGTGGGTCCCAGTTATTAGTGGTAGTGGTAGTACCATGTACTACGCAGACTCTGTGAAGGGCCGATTCACCATTTCCAGAGACAATACCAAAAACTCACTGTATCTGCAAATGAACAGACTGAGGGCAGAGGATGCAGCTGCATATGACTCTGTGAGAGAT	ATCTCTCACAGAGTCATATG
IGHV3-7*00	CCAACCCAACCCTGACCCTGCAGGTCTCAGAGAGGAGCCTTAGCCCTGGACTCCAAGGCCTTTCCACTTGGTGATCAGCACTGAGCACAGAGGACTCACC	ATGGAATTGGGGCTGAGCTGGGTTTTCCTTGTTGCTATTTTAGAAG	GTGATTCATGGAAAACTAGGAAGATTGAGTGTGTGTGGATATGAGTGTGAGAAACAGTGGATTTGTGTGGCAGTTTCTGACCTTGGTGTCTCTTTGTTTGCAG	GTGTCCAGTGT	GAGGTGCAGCTGGTGGAGTCTGGGGGAGGCTTGGTCCAGCCTGGGGGGTCCCTGAGACTCTCCTGTGCAGCCTCTGGATTCACCTTTAGTAGCTATTGGATGAGCTGGGTCCGCCAGGCTCCAGGGAAGGGGCTGGAGTGGGTGGCCAACATAAAGCAAGATGGAAGTGAGAAATACTATGTGGACTCTGTGAAGGGCCGATTCACCATCTCCAGAGACAACGCCAAGAACTCACTGTATCTGCAAATGAACAGCCTGAGAGCCGAGGACACGGCTGTGTATTACTGTGCGAGAGAC	GTCTCTCGCACAGTAATACA
IGHV3-9*00	CAGCCCAGCCCTGACCCTGCAGCTCTGGGAGAGGAGCCCCAGCCCTGAGATTCCCAGGTGTTTCCATTCAGTGATCAGCACTGAACACAGAGGACTCACC	ATGGAGTTGGGACTGAGCTGGATTTTCCTTTTGGCTATTTTAAAAG	GTGATTCATGGAGAAATAGAGAGATTGAGTGTGAGTGGACATGAGTGGATTTGTGTGGCAGTTTCTGACCTTGGTGTCTCTGTGTTTGCAG	GTGTCCAGTGT	GAAGTGCAGCTGGTGGAGTCTGGGGGAGGCTTGGTACAGCCTGGCAGGTCCCTGAGACTCTCCTGTGCAGCCTCTGGATTCACCTTTGATGATTATGCCATGCACTGGGTCCGGCAAGCTCCAGGGAAGGGCCTGGAGTGGGTCTCAGGTATTAGTTGGAATAGTGGTAGCATAGGCTATGCGGACTCTGTGAAGGGCCGATTCACCATCTCCAGAGACAACGCCAAGAACTCCCTGTATCTGCAAATGAACAGTCTGAGAGCTGAGGACACGGCCTTGTATTACTGTGCAAAAGATAC	GTATCTTTTGCACAGTAATA
IGHV3-11*00	CAGCCGAGCCCAGACCCTGCAGCTCTGGGAGAAGAGCCCCAGCCCCAGAATTCCCAGGAGTTTCCATTCGGTGATCAGCACTGAACACAGAGGACTCACC	ATGGAGTTTGGGCTGAGCTGGGTTTTCCTTGTTGCTATTATAAAAG	GTGATTTATGGAGAACTAGAGACATTGAGTGGACGTGAGTGAGATAAGCAGTGAATATATGTGGCAGTTTCTGACTAGGTTGTCTCTGTGTTTGCAG	GTGTCCAGTGT	CAGGTGCAGCTGGTGGAGTCTGGGGGAGGCTTGGTCAAGCCTGGAGGGTCCCTGAGACTCTCCTGTGCAGCCTCTGGATTCACCTTCAGTGACTACTACATGAGCTGGATCCGCCAGGCTCCAGGGAAGGGGCTGGAGTGGGTTTCATACATTAGTAGTAGTGGTAGTACCATATACTACGCAGACTCTGTGAAGGGCCGATTCACCATCTCCAGGGACAACGCCAAGAACTCACTGTATCTGCAAATGAACAGCCTGAGAGCCGAGGACACGGCCGTGTATTACTGTGCGAGAGAC	GTCTCTCGCACAGTAATACA
IGHV3-13*00	CAGCCCAGCCCTGACCCTGCAGCTCTGGGAGTGGAGCCCCAGCCTTGGGATTCCCAAGTGTTTGTATTCAGTGATCAGGACTGAACACACAGGACTCACC	ATGGAGTTGGGGCTGAGCTGGGTTTTCCTTGTTGCTATATTAGAAG	GTGATTCATGGAGAACTAGAGATATTGAGTGTGAATGGGCATGAATGAGAGAAACAGTGGGTATGTGTGGCAATTTCTGACTTTTGTGTCTCTGTGTTTGCAG	GTGTCCAGTGT	GAGGTGCAGCTGGTGGAGTCTGGGGGAGGCTTGGTACAGCCTGGGGGGTCCCTGAGACTCTCCTGTGCAGCCTCTGGATTCACCTTCAGTAGCTACGACATGCACTGGGTCCGCCAAGCTACAGGAAAAGGTCTGGAGTGGGTCTCAGCTATTGGTACTGCTGGTGACACATACTATCCAGGCTCCGTGAAGGGCCGATTCACCATCTCCAGAGAAAATGCCAAGAACTCCTTGTATCTTCAAATGAACAGCCTGAGAGCCGGGGACACGGCTGTGTATTACTGTGCAAGAGAC	GTCTCTTGCACAGTAATACA
IGHV3-15*00	CAGCCCAGTCCTGACCCTGCAGCTCTGGGAGAGGAGCCCCAGCCTTGGGATTCCCAAGTGTTTTCATTCAGTGATCAGGACTGAACACAGAGGACTCACC	ATGGAGTTTGGGCTGAGCTGGATTTTCCTTGCTGCTATTTTAAAAG	GTGATTTATGGAGAACTAGAGAGATTAAGTGTGAGTGGACGTGAGTGAGAGAAACAGTGGATATGTGTGGCAGTTTCTGATCTTAGTGTCTCTGTGTTTGCAG	GTGTCCAGTGT	GAGGTGCAGCTGGTGGAGTCTGGGGGAGGCTTGGTAAAGCCTGGGGGGTCCCTTAGACTCTCCTGTGCAGCCTCTGGATTCACTTTCAGTAACGCCTGGATGAGCTGGGTCCGCCAGGCTCCAGGGAAGGGGCTGGAGTGGGTTGGCCGTATTAAAAGCAAAACTGATGGTGGGACAACAGACTACGCTGCACCCGTGAAAGGCAGATTCACCATCTCAAGAGATGATTCAAAAAACACGCTGTATCTGCAAATGAACAGCCTGAAAACCGAGGACACAGCCGTGTATTACTGTACCACAGAC	GTCTGTGGTACAGTAATACA
IGHV3-16*00	TGAAAAGCAGCGCAGCCTGACCCTGCAGCCCTGGGAGAGAAGCCCCAGCCCTGGGATTCTCAGGTGTTTCTATTGGGTCAACAGCAATAAACAAATTACC	ATGGAATTTGGGCTGAGCTGGGTTTTTCTTGCTGGTATTTTAAAAG	GTGATTCATGGAGAACTAAGGATATTGAGTGAGTGGACATGAGTGAGAGAAACAGTGGATATGTGTGGCAGTTTCTGACCAGGGTGTCTCTGTGTTTGCAG	GTGTCCAGTGT	GAGGTGCAGCTGGTGGAGTCTGGGGGAGGCTTGGTACAGCCTGGGGGGTCCCTGAGACTCTCCTGTGCAGCCTCTGGATTCACCTTCAGTAACAGTGACATGAACTGGGCCCGCAAGGCTCCAGGAAAGGGGCTGGAGTGGGTATCGGGTGTTAGTTGGAATGGCAGTAGGACGCACTATGTGGACTCCGTGAAGCGCCGATTCATCATCTCCAGAGACAATTCCAGGAACTCCCTGTATCTGCAAAAGAACAGACGGAGAGCCGAGGACATGGCTGTGTATTACTGTGTGAGAAAT	ATTTCTCACACAGTAATACA
IGHV3-19*00					GTGCAGCTGGTGGAGTCTGGGGGAGGCTTGGTAGAGCCTGGGGGGTCCCTGAGACTCTCCTGTGCAGCCTCTGGATTCACCTTCAGTAACAGTGACATGAACTGGGTCCGCCAGGCTCCAGGAAAGGGGCTGGAGTGGGTATCGGGTGTTAGTTGGAATGGCAGTAGGACGCACTATGCAGACTCTGTGAAGGGCCGATTCATCATCTCCAGAGACAATTCCAGGAACTTCCTGTATCAGCAAATGAACAGCCTGAGGCCCGAGGACATGGCTGTGTATTACTGTGTGAGAAAC	GTTTCTCACACAGTAATACA
IGHV3-20*00	CCACCCAGCCCTGACCCTGCAGCTCTGGGAGAGGACCCCCAGCCCTGAGATTCCCACGTGTTTCCATTCAGTGATCAGCACTGAACACAGAGGACTCGCC	ATGGAGTTTGGGCTGAGCTGGGTTTTCCTTGTTGCTATTTTAAAAG	GTGATTCATGGATCAATAGAGATGTTGAGTGTGAGTGAACACGAGTGAGAGAAACAGTGGATTTGTGTGGCAGTTTCTGACCAGGTGTCTCTGTGTTTGCAG	GTGTCCAGTGT	GAGGTGCAGCTGGTGGAGTCTGGGGGAGGTGTGGTACGGCCTGGGGGGTCCCTGAGACTCTCCTGTGCAGCCTCTGGATTCACCTTTGATGATTATGGCATGAGCTGGGTCCGCCAAGCTCCAGGGAAGGGGCTGGAGTGGGTCTCTGGTATTAATTGGAATGGTGGTAGCACAGGTTATGCAGACTCTGTGAAGGGCCGATTCACCATCTCCAGAGACAACGCCAAGAACTCCCTGTATCTGCAAATGAACAGTCTGAGAGCCGAGGACACGGCCTTGTATCACTGTGCGAGAGAC	GTCTCTCGCACAGTGATACA
IGHV3-21*00	CCAACCGAACCCTGACCCTGCAGCTCTGAGAGAGGAGCCTTAGCCCTGGATTCCAAGGCCTATCCACTTGGTGATCAGCACTGAGCACCGAGGATTCACC	ATGGAACTGGGGCTCCGCTGGGTTTTCCTTGTTGCTATTTTAGAAG	GTGAATCATGGAAAAGTAGAGAGATTTAGTGTGTGTGGATATGAGTGAGAGAAACGGTGGATGTGTGTGACAGTTTCTGACCAATGTCTCTCTGTTTGCAG	GTGTCCAGTGT	GAGGTGCAGCTGGTGGAGTCTGGGGGAGGCCTGGTCAAGCCTGGGGGGTCCCTGAGACTCTCCTGTGCAGCCTCTGGATTCACCTTCAGTAGCTATAGCATGAACTGGGTCCGCCAGGCTCCAGGGAAGGGGCTGGAGTGGGTCTCATCCATTAGTAGTAGTAGTAGTTACATATACTACGCAGACTCAGTGAAGGGCCGATTCACCATCTCCAGAGACAACGCCAAGAACTCACTGTATCTGCAAATGAACAGCCTGAGAGCCGAGGACACGGCTGTGTATTACTGTGCGAGAGAC	GTCTCTCGCACAGTAATACA
IGHV3-22*00	CAGCCCAGCCCTGACCCTGCAGCTCTGGGAGAGGAGCCCCAGCCCTGGGATTTTCAGATGTTTTCATTTGGTGATCAGGACTGAACACAGAGGACTCACC	ATGGAGTCATGGCTGAGCTGGGTTTTTCTTGCCGCTATTTTAAAAG	GTAATTCATTGAGAACTATTGAAATTGAGTGTGAGCGGATAAGAGTGAGAGAAACAGTGGATACGTGTGGCAGTTTCTGACCAGGGTTTCTTTTTGTTTGCAG	GTGTCCAGTGT	GAGGTGCAGCTGGTGGAGTCTGGGGGAGGCTTGGTACAGCCTGGGGGGTCCCTGAGACTCTCCTGTGCAGCCTCTGGATTCACCTTCAGTTACTACTACATGAGCGGGGTCCGCCAGGCTCCCGGGAAGGGGCTGGAATGGGTAGGTTTCATTAGAAACAAAGCTAATGGTGGGACAACAGAATAGACCACGTCTGTGAAAGGCAGATTCACAATCTCAAGAGATGATTCCAAAAGCATCACCTATCTGCAAATGAAGAGCCTGAAAACCGAGGACACGGCCGTGTATTACTGTTCCAGAGAC	GTCTCTGGAACAGTAATACA
IGHV3-23*00	CCAGCCCAGCCCTGACCCTGCAGCTCTGAGAGAGGAGCCCAGCCCTGGGATTTTCAGGTGTTTTCATTTGGTGATCAGGACTGAACAGAGAGAACTCACC	ATGGAGTTTGGGCTGAGCTGGCTTTTTCTTGTGGCTATTTTAAAAG	GTAATTCATGGAGAAATAGAAAAATTGAGTGTGAATGGATAAGAGTGAGAGAAACAGTGGATACGTGTGGCAGTTTCTGACCAGGGTTTCTTTTTGTTTGCAG	GTGTCCAGTGT	GAGGTGCAGCTGTTGGAGTCTGGGGGAGGCTTGGTACAGCCTGGGGGGTCCCTGAGACTCTCCTGTGCAGCCTCTGGATTCACCTTTAGCAGCTATGCCATGAGCTGGGTCCGCCAGGCTCCAGGGAAGGGGCTGGAGTGGGTCTCAGCTATTAGTGGTAGTGGTGGTAGCACATACTACGCAGACTCCGTGAAGGGCCGGTTCACCATCTCCAGAGACAATTCCAAGAACACGCTGTATCTGCAAATGAACAGCCTGAGAGCCGAGGACACGGCCGTATATTACTGTGCGAAAGAC	GTCTTTCGCACAGTAATATA
IGHV3-25*00	CCAGCCCAACCCCGACCCTGCAGCTCTGGGAGAGGAGCCCAGCCCCCGAATTCCCAGGTGTTTTCATCTGGTGATCAGCACCGAACACAGAGGACTCACC	ATGGAGTTTGTGCTGAGCTGGGTTTTCCTTGTTGCTATTTTAAAAC	GTGATCTATAGAGAACTAGAGATATTGAGTATGAATGGATATGAGTGAGAAACAGTGGATACGTGTGGCAGTTTCTGACCGGGGTGTCTCTGTGTTTGCAG	GTATCCAGTGT	GAGATGCAGCTGGTGGAGTCTGGGGGAGGCTTGGCAAAGCCTGCGTGGTCCCCGAGACTCTCCTGTGCAGCCTCTCAATTCACCTTCAGTAGCTACTACATGAACTGTGTCCGCCAGGCTCCAGGGAATGGGCTGGAGTTGGTTTGACAAGTTAATCCTAATGGGGGTAGCACATACCTCATAGACTCCGGTAAGGACCGATTCAATACCTCCAGAGATAACGCCAAGAACACACTTCATCTGCAAATGAACAGCCTGAAAACCGAGGACACGGCCCTCTATTAGTGTACCAGAGAC	GTCTCTGGTACACTAATAGA
IGHV3-29*00	AAGCCCAGACCTGACCCTGCAGCTCTGGGAGAAGAGCCACAGCCCTGGGATTCCCAGGGGTTTCCATTTGGTAATCAGGACTGAACACAGAGAACTCACT	ATGGGGTGTGAATTAAGCTGAATTTTTCTTGTTGGTATTTTAAAAG	GTAACTCATAGGGAACTAGAGTGAGTGAGAGTGAGTGGATATGAGTGAGAGAAACAGTGGATATGTTTGCCAGTTTCTGACCAGGATTTGTTTGTATTTTCAG	GTGTTCAGTGT	GAGGTGGAGCTGATAGAGCCCACAGAGGACCTGAGACAACCTGGGAAGTTCCTGAGACTCTCCTGTGTAGCCTCTAGATTCGCCTTCAGTAGCTTCTGAATGAGCCCAGTTCACCAGTCTGCAGGCAAGGGGCTGGAGTGAGTAATAGATATAAAAGATGATGGAAGTCAGATACACCATGCAGACTCTGTGAAGGGCAGATTCTCCATCTCCAAAGACAATGCTAAGAACTCTCTGTATCTGCAAATGAACAGTCAGAGAACTGAGGACATGGCTGTGTATGGCTGTACATAAGGTTC	GAACCTTATGTACAGCCATA
IGHV3-30*00	CCAGCCCAGCCCTGACCCTGCAGCTCTGGGAGAGGAGCCCAGCACTAGAAGTCGGCGGTGTTTCCATTCGGTGATCAGCACTGAACACAGAGGACTCACC	ATGGAGTTTGGGCTGAGCTGGGTTTTCCTCGTTGCTCTTTTAAGAG	GTGATTCATGGAGAAATAGAGAGACTGAGTGTGAGTGAACATGAGTGAGAAAAACTGGATTTGTGTGGCATTTTCTGATAACGGTGTCCTTCTGTTTGCAG	GTGTCCAGTGT	CAGGTGCAGCTGGTGGAGTCTGGGGGAGGCGTGGTCCAGCCTGGGAGGTCCCTGAGACTCTCCTGTGCAGCCTCTGGATTCACCTTCAGTAGCTATGGCATGCACTGGGTCCGCCAGGCTCCAGGCAAGGGGCTGGAGTGGGTGGCAGTTATATCATATGATGGAAGTAATAAATACTATGCAGACTCCGTGAAGGGCCGATTCACCATCTCCAGAGACAATTCCAAGAACACGCTGTATCTGCAAATGAACAGCCTGAGAGCTGAGGACACGGCTGTGTATTACTGTGCGAGAGAC	GTCTCTCGCACAGTAATACA
IGHV3-30-2*00	CAGCCCAGTCCTGACCGCACAGCTCTGGGAGAGAAGCGCCAGCCCTGGGATTCCCAGGGGTTTCTATTTGGTGATCAGGACTAAAGACAGAGGACCCACC	ATGGAGCTTGGGCTGAGCTGGGTTTTCACTGTTGCTGTTTTAAAAG	GTGAACTAGAGAGATTGAGCGTGAGTGGATACCCTTGAGAGAAATGGTGGATTATGTCTGGGAGTTTCTGACCAGGATGTCTACGAGTTTGCAG	GTGTCTAGTGA	GAGGTACAGCTCGTGGAGTCCGGAGAGGACCCAAGACAACCTGGGGGATCCCTGAGACTCTCCTGTGCAGACTCTGGATTAACCTTCAGTAGCTACTGAAGGAACTCGGTTTCCCAGGCTCCAGGGAAGGGGCTGGAGTGAGTAGTAGATATACAGTGTGATGGAAGTCAGATATGTTATGCATAATCTTTGAAGAGCAAATTCACCATCTCCAAAGAAAATGCCAAGAACTCACTGTATTTGCTAATGAACAGTCTGAGAGCAGCGGGCACAGCTGTGTGTTACTGTATGTGAGGCAC	GTGCCTCACATACAGTAACA
IGHV3-32*00	AAGCCCAGACCTGACCCTGCAGCTCTGGGAGAACAGCCACAGCCCTGGGATTCCCAGGGGTTTCCATTTGGTAATCAGGACTGAACACAGAGAACTCACT	ATGGGGTGTGAATTAAGCTGAATTTTTCTTGTTGGTATTTTAAAAG	GTGACTCCTAGGGAACTAGAGTGAGTGAGAGTGAGTGGATATGAGTGAGAGAAACAGTGGATATGTTTGCCAGTTTCTGACCAGGATGTGTGTGTATTTTCAG	GTGTTCAGTGT	GAGGTGGAGCTGATAGAGTCCATAGAGGACCTGAGACAACCTGGGAAGTTCCTGAGACTCTCCTGTGTAGCCTCTAGATTCGCCTTCAGTAGCTTCTGAATGAGCCGAGTTCACCAGTCTCCAGGCAAGGGGCTGGAGTGAGTAATAGATATAAAAGATGATGGAAGTCAGATACACCATGCAGACTCTGTGAAGGGCAGATTCTCCATCTCCAAAGACAATGCTAAGAACTCTCTGTATCTGCAAATGAACACTCAGAGAGCTGAGGACGTGGCCGTGTATGGCTATACATAAGGTCC	GGACCTTATGTATAGCCATA
IGHV3-33*00	CCAGCCCAGCCCTGACCCTGCAGCTCTGGGAGAGGAGCCCAGCACTAGAAGTCGGCGGTGTTTCCATTCGGTGATCAGCACTGAACACAGAGGACTCACC	ATGGAGTTTGGGCTGAGCTGGGTTTTCCTCGTTGCTCTTTTAAGAG	GTGATTCATGGAGAAATAGAGAGACTGAGTGTGAGTGAACATGAGTGAGAAAAACTGGATTTGTGTGGCATTTTCTGATAACGGTGTCCTTCTGTTTGCAG	GTGTCCAGTGT	CAGGTGCAGCTGGTGGAGTCTGGGGGAGGCGTGGTCCAGCCTGGGAGGTCCCTGAGACTCTCCTGTGCAGCGTCTGGATTCACCTTCAGTAGCTATGGCATGCACTGGGTCCGCCAGGCTCCAGGCAAGGGGCTGGAGTGGGTGGCAGTTATATGGTATGATGGAAGTAATAAATACTATGCAGACTCCGTGAAGGGCCGATTCACCATCTCCAGAGACAATTCCAAGAACACGCTGTATCTGCAAATGAACAGCCTGAGAGCCGAGGACACGGCTGTGTATTACTGTGCGAGAGAC	GTCTCTCGCACAGTAATACA
IGHV3-33-2*00	CAGCCCAGTCCTGACCCCACAGCTCTGGGAGAGAAGCGCCAGCCCTGGGATTCCCAGGGGTTTCTATTTGGTGATCAGGACTAAAGACAGAGGACCCACC	ATGGAGCTTGGGCTGAGCTGGGTTTTCACTGTTGCTGTTTTAAAAG	GTGAACTAGAGAGATTGAGCGTGAGTGGATACCCTTGAGAGAAATGGTGGATTATGTCTGGGAGTTTCTGACCAGGATGTCTACGAGTTTGCAG	GTGTCTAGTGA	GAGGTACAGCTCGTGGAGTCCGGAGAGGACCCAAGACAACCTGGGGGATCCTTGAGACTCTCCTGTGCAGACTCTGGATTAACCTTCAGTAGCTACTGAATGAGCTCGGTTTCCCAGGCTCCAGGGAAGGGGCTGGAGTGAGTAGTAGATATACAGTGTGATGGAAGTCAGATATGTTATGCCCAATCTGTGAAGAGCAAATTCACCATCTCCAAAGAAAATGCCAAGAACTCACTGTATTTGCAAATGAACAGTCTGAGAGCAGAGGGCACAGCTGTGTGTTACTGTATGTGAGGCAC	GTGCCTCACATACAGTAACA
IGHV3-35*00	AAAAAGCAGCCCAGTCCTGACCCTGCAGCCCTGGGAGAGAAGCACCAGCCCTGGGATTCTCAGGTGTTTCCACTTTGTCATCAGCAACAAACAAATTACC	ATGGAATTTGGGCTGAGCTGGGTTTTTCTTGCTGCTATTTTAAAAG	GTGATTCATGAAGAACTAAGGATATTGAGTGAGTGGACATGAGTGAGAGAAACAGTGGATTTGTGTGGCAGTTTCTGACCAGGGTGTCTCTGTGTTTGCAG	GTGTCCAGTGT	GAGGTGCAGCTGGTGGAGTCTGGGGGAGGCTTGGTACAGCCTGGGGGATCCCTGAGACTCTCCTGTGCAGCCTCTGGATTCACCTTCAGTAACAGTGACATGAACTGGGTCCATCAGGCTCCAGGAAAGGGGCTGGAGTGGGTATCGGGTGTTAGTTGGAATGGCAGTAGGACGCACTATGCAGACTCTGTGAAGGGCCGATTCATCATCTCCAGAGACAATTCCAGGAACACCCTGTATCTGCAAACGAATAGCCTGAGGGCCGAGGACACGGCTGTGTATTACTGTGTGAGAAAC	GTTTCTCACACAGTAATACA
IGHV3-36*00	GAAAACCAGCCTTGCCTGCGTCTACGGGAGAAGAGCCCCAGTCCAGAAGTACCAGGGGTTTCCATTTGGTGGTCAGGTCTCTGAACACAGAGGACTCACT	ATGGAGTTTGGGCTGAGCTGGGTTTTCCTTGTTGCTAATGTAAAAG	GTGACTCATGGAGAACTAGAGATATTGAGTGTGAGTGGACACAAGTGAGAGAAACAGTGGATATGTGTGGCAGGTTCTGACCAGGGTGTCTGTGTGTGTTTGCAG	GTGTCCAGTGT	GAGGTGCAGCTGGTGGAGTCTTTGGGAGGCTTGTTATAGCCTGGGGGTCCCTGAGACTTTCTTTTGCAGCCTCTGGATTCACCTTTAGTACCTTTATTAGGTACTGGATGAGCTGGGTCCATCAGGCTCCTGGGAAAGGGCTGGAGTAGGTCTCATTTATGAGTTGTTGTGTAGGTAGCACAAGCTATGCAGACTCTGTGAAGGGTCGATTCACCCTCTCCAGAGATGATGCCAAGAAATCACTGTATCTGCAAATGAACAGCGTCAGAGCCGAGGATAGGTCTGTGTATTACTGTGGTGGC	GCCACCACAGTAATACACAG
IGHV3-37*00	CAGCCCAGCCGTGACCGTGCAGCTCTGGGAGACGAGCTCAAGTGCCAGGATTCCCAAGTGTTTTCACTTGGTGATCAGAACTTAACACAGAGGAATCACC	ATGTTGTTTGGGCTGAGCTGGGCTTTCCTTTTTACTATTTTAAGAG	GTGATACATGAAGAACTACAGATATTGTTCGTGAGTGGATATTAGAGAAACAGTGGATATGTGTGGCAGTTTCTGACCAGGATGTCTCTGTGTTTGCAG	GTGTGCAGTAT	GAGGTGCAGCTGGTAGAGTCTGGGGGAGACTTGGTACAGCTGTGGTGGGGTTGGGGGTGTCCTGAGACTCTCATGTGCAGCCTGCGGATTCATCTTGAGAAGCAATGACATGAACTGGGCCCACCGGGCTTCAAGAAAGGGGCTGGAATGGGTCTCATACATTAGTGCTAGTGGTGGTAGCCTATACTATGCAGACACTGAAGGGTAGATTCACCATCTCTAGAGACAATGGCAAGAACATGCTGTACTTGCAAATGAACAGTCTGAGAGATGAGGACTCGGCTGTGTGAGAGAC	GTCTCTCACACAGCCGAGTC
IGHV3-38*00	AATCCTCTTCCCCTTTTTAGCACTCTGGGAGTGGAGCCCCAGCCTTGGGATTCCCAGGTGTTTCCCTTCAGTGATCAGGACTGAACACACACAACTCATC	ATGCAGTTTGTGCTGAGCTGGGTTTTCCTTGTTGGTATTTTAAAAG	GTGATTCATGGAGAACTACAGATGTTGAGTGTGAGTGGACATGAGTGAGCAAAACAGTGGGTTTGTGTGGCAGTTTCTGACCTTGGTGTCTCTGTGTTTGCAG	GTGTCCAGTGT	GAGGTGCAGCTGGTGGAGTCTGGGGGAGGCTTGGTACAGCCTAGGGGGTCCCTGAGACTCTCCTGTGCAGCCTCTGGATTCACCGTCAGTAGCAATGAGATGAGCTGGATCCGCCAGGCTCCAGGGAAGGGGCTGGAGTGGGTCTCATCCATTAGTGGTGGTAGCACATACTACGCAGACTCCAGGAAGGGCAGATTCACCATCTCCAGAGACAATTCCAAGAACACGCTGTATCTTCAAATGAACAACCTGAGAGCTGAGGGCACGGCCGTGTATTACTGTGCCAGATAT	ATATCTGGCACAGTAATACA
IGHV3-41*00	CAGCCCAGCCCTGACCCTGCAGCTGTGGGAGAGGAGCCCCAGCCCTGGGATTTTCAGGTGCTTTCATTTTGTGATCAGGACTGAACACAGAGGATTCACC	ATGGAGTCATGGCTGAGCTGGGTTTTTCTTGCCGCTATTTTAAAAG	GTAATTCATTGAGAACTATTGAAATTGAGTGTGAGTGGATAAGAGTGAGATAAACAGTGGATACGTGTGGCAGTTTCTGACCAGGGTTTCTTTGTGTTTGCAG	GTGTCCAGTGT	GAGGTGCAGCTGGTGGAGTCTGGGGGAGGCTTGGTCCAGCCTGGGGGGTCCCTGAGACTCTCCTGTGCAGCCTCAGGATTCTCCTTTAGTAGCTATGGCATGAGCTGGGTCCGCCAGGCTCCAGGGAAGGGGCTGGAGTGAGTGGCACATATCTGGAATGATGGAAGTCAGAAATACTATGCAGACTCTGTGAAGGGCCGATTCACAATCTCCGAGACAATTCTAAGAGCATGCTCTATCTGCAAATGGACAGTCTGAAAGCTAAGGACACGGCCATGTATTACTGTACCAGACAC	GTGTCTGGTACAGTAATACA
IGHV3-42*00	TTCAAGTTCCATATTGATTAAGAGTGGTGAAAGTGGGCATCCTTGACGTGTTCTGAGTCTTAGGAGGAATACTTTCAACATATTCCTATTCAGTATAATG	TTGTTTCGGAGTTTGAAG	GTGATTTATGGAGAATGAGAGATGTTGAGTGCGAGTGGACATGAGTGAGAGAAACAGTAGATATGTGTGGCCGTTTCTGACCAGGGTGTCTCTGTGTTTGCAG	GCGTCCAGCGTG	AGGCGCAGCTGGTGGAGTCTGGGGGAGGCTTGGTACAGCCTGGGTGGGTCCCCGAGACTCTCATTTGCAGCTTCTAGATTCACCTTCAGTGACTTCTGAATGCACTGGATCCGCCAGGCTTCTGGGAAAGGGCTGGAGTGGGTTGGCCGTATTAGAACCAAACGTAACAGTTACACGACAGAATGCGCTGCATCTGTGAAAGGCAGGTTCACCATCTCAAGAGATGATTCAAAGAACACACTGTATCTGCAAGTGAATACCCTGAAAACCGAGTACACGGCCATCTATTACTGTACTAGAGAC	GTCTCTAGTACAGTAATAGA
IGHV3-43*00	CAGCCCAGCCCTGACCCTGCAGCTCTGGGAGAGGAGCCCCAGCCCTGAGATTCCCAGGTGTTTCCATTCGGTGATCAGCACTGAACACAGAGAACGCACC	ATGGAGTTTGGACTGAGCTGGGTTTTCCTTGTTGCTATTTTAAAAG	GTGATTCATGGATAAATAGAGATGTTGAGTGTGAGTGAACATGAGTGAGAGAAACAGTGGATATGTGTGGCAGTGTCTGACCAGGGTGTCTCTGTGTTTGCAG	GTGTCCAGTGT	GAAGTGCAGCTGGTGGAGTCTGGGGGAGTCGTGGTACAGCCTGGGGGGTCCCTGAGACTCTCCTGTGCAGCCTCTGGATTCACCTTTGATGATTATACCATGCACTGGGTCCGTCAAGCTCCGGGGAAGGGTCTGGAGTGGGTCTCTCTTATTAGTTGGGATGGTGGTAGCACATACTATGCAGACTCTGTGAAGGGCCGATTCACCATCTCCAGAGACAACAGCAAAAACTCCCTGTATCTGCAAATGAACAGTCTGAGAACTGAGGACACCGCCTTGTATTACTGTGCAAAAGATAC	GTATCTTTTGCACAGTAATA
IGHV3-47*00	AAACCAGCCCACCCCTGACCCTGCTGCTCTGGGAGAGGAGCCCCAGCCTTGGGATTCCCAAGTGTTTGCATTCAGTGATCAGGACTGAACACACAGGACT	CACCAGGGAGTTTGTGCTAAGCTGGGTTTTCCTTGTTGCTATATTAAAAT	GTGATTCATGGAGAACTAGAGAGATTGAGTGTGAGTTACATGAGTGAGAGAAACAGTGGATATGTTTGGCAATTTCTGACTTTTGTGTCTCTGTGTTTGCAG	GTGTCCAGTGT	GAGGATCAGCTGGTGGAGTCTGGGGGAGGCTTGGTACAGCCTGGGGGGTCCCTGAGACCCTCCTGTGCAGCCTCTGGATTCGCCTTCAGTAGCTATGTTCTGCACTGGGTTCGCCGGGCTCCAGGGAAGGGTCCGGAGTGGGTATCAGCTATTGGTACTGGTGGTGATACATACTATGCAGACTCCGTGATGGGCCGATTCACCATCTCCAGAGACAACGCCAAGAAGTCCTTGTATCTTCAAATGAACAGCCTGATAGCTGAGGACATGGCTGTGTATTATTGTGCAAGAGAC	GTCTCTTGCACAATAATACA
IGHV3-48*00	CCAACCCAACCCTGACCCTGCAGCTCTCAGAGAGGTGCCTTAGCCCTGGATTCCAAGGCATTTCCACTTGGTGATCAGCACTGAACACAGAGGACTCACC	ATGGAGTTGGGGCTGTGCTGGGTTTTCCTTGTTGCTATTTTAGAAG	GTGATTCATGGAAAACTAGAGAGATTTAGTGTGTGTGGATATGAGTGAGAGAAACAGTGGATATGTGTGGCAGTTTCTGACCTTGGTGTCTCTTTGTTTGCAG	GTGTCCAGTGT	GAGGTGCAGCTGGTGGAGTCTGGGGGAGGCTTGGTACAGCCTGGGGGGTCCCTGAGACTCTCCTGTGCAGCCTCTGGATTCACCTTCAGTAGCTATAGCATGAACTGGGTCCGCCAGGCTCCAGGGAAGGGGCTGGAGTGGGTTTCATACATTAGTAGTAGTAGTAGTACCATATACTACGCAGACTCTGTGAAGGGCCGATTCACCATCTCCAGAGACAATGCCAAGAACTCACTGTATCTGCAAATGAACAGCCTGAGAGACGAGGACACGGCTGTGTATTACTGTGCGAGAGAC	GTCTCTCGCACAGTAATACA
IGHV3-49*00	GAGCCCAGCCCTGACCCTGCAGCTCTGGGAGAGGAGCCCCAGCCGTGAGATTCCCAGGAGTTTCCACTTGGTGATCAGCACTGAACACAGACCACCAACC	ATGGAGTTTGGGCTTAGCTGGGTTTTCCTTGTTGCTATTTTAAAAG	GTAATTCATGGTGTACTAGAGATACTGAGTGTGAGGGGACATGAGTGGTAGAAACAGTGGATATGTGTGGCAGTTTCTGACCTTGGTGTTTCTGTGTTTGCAG	GTGTCCAATGT	GAGGTGCAGCTGGTGGAGTCTGGGGGAGGCTTGGTACAGCCAGGGCGGTCCCTGAGACTCTCCTGTACAGCTTCTGGATTCACCTTTGGTGATTATGCTATGAGCTGGTTCCGCCAGGCTCCAGGGAAGGGGCTGGAGTGGGTAGGTTTCATTAGAAGCAAAGCTTATGGTGGGACAACAGAATACGCCGCGTCTGTGAAAGGCAGATTCACCATCTCAAGAGATGATTCCAAAAGCATCGCCTATCTGCAAATGAACAGCCTGAAAACCGAGGACACAGCCGTGTATTACTGTACTAGAGAC	GTCTCTAGTACAGTAATACA
IGHV3-50*00	CCAGCCCTGCCCTGACCCTGCAACTCTGGGAGAAGATCTCTAGTCCAGAATTACCAGGAGTTTGGATTTGATGATCAGCTCTGTACAAACATGGCTCACC	ATAGAGTTAGGGCTGAGCTGGGTTTCCCTTGTCATTATTTTAAAAG	GCGAATAATGGAGAACTTGAGATATGGAGTGTGAGTGGATATGAGTGAAAAAACAGTGATTCTGTGTGGCAGGTTCTGACTCAGATGTCTCTGTGCTTGTAG	GTGTCTAGTGT	GGGGTGCAGATGGTGGAGTCTTGGGGAGAGTTGGCACAAGCTGAATGTGCCTGAGACTCTGCCGTGCATCCTCTGAATCCACCTTCTGTAGCTACTAGATCAGCTGAATCTGCCAGGCTCCAGGAAAGGGGCTGCAGTGAGTAGTAGATATAATGTACGATGGAAGTCAGACATAATATGCAGACTCTGTGAAGGTCAGATTCACCATCTCCAAAGACAATGCCAAGCACAGGTTGTATCTGCAAATGAACAGTCTGAGAGCTGAGAATATGGCTCTGTATTATTGAGTCAAAGGTAC	GTACCTTTGACTCAATAATA
IGHV3-52*00	CAGCCCAGCCCTGACCCTGCAGCTCTGGGAGAGGAGCCCCAGCTCCAGGATTCCCAGGTCTTTCCATTTAGTCTTCAGGGCTGAGCACAGAGGACTCACC	ATGGAGTCTGGGCTGAGCTGGGTTTTCCTTGTTGCTATTTTGAAAG	GTGATTCATGGGGAATGAGTTGAATGTAAGTGAATATGAGTGAGAGAAACAGTGGATGTGTGCGGCAGTTTCTGACCAGGGTGTCTCTGTGTTTGCAG	GTGTCCAGTGT	GAGGTGCAGCTGGTGGAGTCTGGGTGAGGCTTGGTACAGCCTGGAGGGTCCCTGAGACTCTCCTGTGCAGCCTCTGGATTCACCTTCAGTAGCTCCTGGATGCACTGGGTCTGCCAGGCTCCGGAGAAGGGGCTGGAGTGGGTGGCCGACATAAAGTGTGACGGAAGTGAGAAATACTATGTAGACTCTGTGAAGGGCCGATTGACCATCTCCAGAGACAATGCCAAGAACTCCCTCTATCTGCAAGTGAACAGCCTGAGAGCTGAGGACATGACCGTGTATTACTGTGTGAGAGGC	GCCTCTCACACAGTAATACA
IGHV3-53*00	AACCAGCCCAGCTGACCCTGCAGCTCTGGGAGAGGAGCCCAGCACTGGGATTCCGAGGTGTTTCCATTCGGTGATCAGCACTGAACACAGAGGACTCACC	ATGGAGTTTTGGCTGAGCTGGGTTTTCCTTGTTGCTATTTTAAAAG	GTGATTCATGGAGAACTAGAGATATTGAGTGTGAGTGAACACGAGTGAGAGAAACAGTGGATATGTGTGGCAGTTTCTAACCAATGTCTCTGTGTTTGCAG	GTGTCCAGTGT	GAGGTGCAGCTGGTGGAGTCTGGAGGAGGCTTGATCCAGCCTGGGGGGTCCCTGAGACTCTCCTGTGCAGCCTCTGGGTTCACCGTCAGTAGCAACTACATGAGCTGGGTCCGCCAGGCTCCAGGGAAGGGGCTGGAGTGGGTCTCAGTTATTTATAGCGGTGGTAGCACATACTACGCAGACTCCGTGAAGGGCCGATTCACCATCTCCAGAGACAATTCCAAGAACACGCTGTATCTTCAAATGAACAGCCTGAGAGCCGAGGACACGGCCGTGTATTACTGTGCGAGAGAC	GTCTCTCGCACAGTAATACA
IGHV3-54*00	ATGACCAGTCCTGACCCCATAGCTCTGGGAGAGAAGCGCCAGCCCTGGGATTCCCAGGGGTTTCCATTTGGTGATCAGGACTAAAGACAGAGGACCCACC	ATGGAGCTTGGGCTGAGCTGGGTTTTCACTGTTGCTGTTTTAAAAG	GTGAACTAGAGAGATTGAGTGTGAATGGATACACTTGAGAGAAACAGTGGATATGTCTGGAACTTTCTGACCAGGACACCTACAAGTTTGCAG	GTGTCCAGTGT	GAGGTACAGCTGGTGGAGTCTGAAGAAAACCAAAGACAACTTGGGGGATCCCTGAGACTCTCCTGTGCAGACTCTGGATTAACCTTCAGTAGCTACTGAATGAGCTCAGATTCCCAGGCTCCAGGGAAGGGGCTGGAGTGAGTAGTAGATATATAGTAGGATAGAAGTCAGCTATGTTATGCACAATCTGTGAAGAGCAGATTCACCATCTCCAAAGAAAATGCCAAGAACTCACTCTGTTTGCAAATGAACAGTCTGAGAGCAGAGGGCACGGCCGTGTATTACTGTATGTGAGTCAC	GTGACTCACATACAGTAATA
IGHV3-57*00				AA	GTCCTGTGTGAAGTTTATTGATGGAGTCAGAGGCAGAAAATTGTACAGCCCAGTGGTTCACTGAGACTCTCCTGCAAAGCCTCTGATTTCACCTTTACTGGCTACAGCATGAGCTTGGTCCAGCAGGCTTCATGACAGGGATTGGTGTGGGTGGAAACAGTGAGTGATCAAGTGGGAGTTCTCAGAGTTACTCTCCATGAGTACAAATAAATTAACAGTCCCAAGCGACACCTTTTCATGTGCAGTCTACCTTACAATGACCAACCTGAAAGCCAAGGACAAGGCTGTGTATTACTGTGAGGGAC	GTCCCTCACAGTAATACACA
IGHV3-60*00	CAGCCAAATCCTGACCCTGCAGCTCTGGGAGAGGAGCCCCCGCCCCGGGATTCCCAGCTGTCTCCACTTGGTCATGAACACTGAACACAGAAGACACACC	ATGGAGTCTGGGCTGAGCTGGATTTTCCTTGTTGCAGTTTTAAAAG	GTGATTTATGGAGAATGAGACACACTGAGTGTGACTGGACATAAGTGAGAGAAACAGTGGATTTGTGTGGCAGTTTCTGACCAGGGTGTCTCCGTGTTTGCAG	GTGTCCAGTGT	GAGGTGCAGCTGGTGGAGTCTGGGGGAGGCTTAGTAAAGACTGGAGGGGTCTCTGAGACTCTCCTGTGCAGCCTCTGGATTCACCTTCAGTAGCTCTGCTATGCACTGGGTCCACCAGGCTCCAGGAAAGGGTTTGGAGTGGGTCTCAGTTATTAGTACAAGTGGTGATACCGTACTCTACACAGACTCTGTGAAGGGCTGATTCACCATCTCTAGAGACAATGCCCAGAATTCACTGTATCTGCAAATGAACAGCCTGAGAGCCGACGACATGGCTGTGTATTACTGTGTGAAAGAC	GTCTTTCACACAGTAATACA
IGHV3-62*00	AACCAGCCCAGCTGACCCTGCAGCTCTGGGAGAGGAGCCCAGCACTGGAAGTCGGCGGTGTTTCCATTCCGTGATCAGCACTGAACACAGAGGACTCACC	ATGGAGTTTGGGCTGAGCTGGGTTTTCCTTGTTGCTATTTTAAGAG	GTGATTCATAGATAAATAGAGATGTTGAGTGGGAGTGGACATGAGTGAGAGAAACAGTGGATGTGTGTGGCAGTTTCTGACCTTGGTGTCTTTGTGTTTGCAG	GTGTCCAGTGT	GAGGTGCAGCTGGTGGAGTCTGGGGAAGGCTTGGTCCAGCCTGGGGGGTCCCTGAGACTCTCCTGTGCAGCCTCTGGATTCACCTTCAGTAGCTCTGCTATGCACTGGGTCCGCCAGGCTCCAAGAAAGGGTTTGTAGTGGGTCTCAGTTATTAGTACAAGTGGTGATACCGTACTCTACACAGACTCTGTGAAGGGCCGATTCACCATCTCCAGAGACAATGCCCAGAATTCACTGTCTCTGCAAATGAACAGCCTGAGAGCCGAGGGCACAGTTGTGTACTACTGTGTGAAAGAC	GTCTTTCACACAGTAGTACA
IGHV3-63*00	ACAAGCCCAGACCTGGCCCTGCAGCTCTGGGAGAAGAGCCACAGCCCTGGGATTCCCAGGGGTTTCCATGTGGTAATCAGGGCTGAACACAGAGCTCACT	ATGGGGTTTGAGCTAACCAGAATTTTTCTTGTTGCTATTTTAAAAG	GTGACTCATAGAGAAATAGAGTGAGTGAGAGTGAGTGGATATAAGTGAGAAAAACAGTAGATGTGTTTGGCAGTTTCTGACCAGGACGTTTGTGTATTTTCAG	GTGTTCAGTGT	GAGGTGGAGCTGATAGAGTCCATAGAGGGCCTGAGACAACTTGGGAAGTTCCTGAGACTCTCCTGTGTAGCCTCTGGATTCACCTTCAGTAGCTACTGAATGAGCTGGGTCAATGAGACTCTAGGGAAGGGGCTGGAGGGAGTAATAGATGTAAAATATGATGGAAGTCAGATATACCATGCAGACTCTGTGAAGGGCAGATTCACCATCTCCAAAGACAATGCTAAGAACTCACCGTATCTCCAAACGAACAGTCTGAGAGCTGAGGACATGACCATGCATGGCTGTACATAAGGTTCCAAGTGAGGA	TCCTCACTTGGAACCTTATG
IGHV3-64*00	CAGCCCAGCCCTGACTCCGCAGCTCTGGGAGAGGAGCCCCCGCCCTGGGATTCCCAGGTGTTTTCATTTGGTGATCAGCACTGAACACAGAAGAGTCATG	ATGGAGTTTGGGCTGAGCTGGGTTTTCCTTGTTGCTATTTTTAAAG	GTGATTCATGAGGAAATAGAGATATTGAGTGTGAGTGGACATGAGTGAGAGAAACAGTGGATTTGTGTGGCAGTTTCTGACCTTGGTGTCTCTGTGTTTGCAG	GTGTCCAGTGT	GAGGTGCAGCTGGTGGAGTCTGGGGAAGGCTTGGTCCAGCCTGGGGGGTCCCTGAGACTCTCCTGTGCAGCCTCTGGATTCACCTTCAGTAGCTATGCTATGCACTGGGTCCGCCAGGCTCCAGGGAAGGGACTGGAATATGTTTCAGCTATTAGTAGTAATGGGGGTAGCACATATTATGCAGACTCTGTGAAGGGCAGATTCACCATCTCCAGAGACAATTCCAAGAACACGCTGTATCTTCAAATGGGCAGCCTGAGAGCTGAGGACATGGCTGTGTATTACTGTGCGAGAGAC	GTCTCTCGCACAGTAATACA
IGHV3-65*00	GCCCAGCCCTGACTCTGCAGCTCTGGGAGAGGGGCCCCAGCCCTGGGATGCCCAGGTGTTTCCACTTGGTGATCAGCACTGAACACCGACTACCAACCAT	ATGAAGTCTGGGCTGAGCCGGTTTTTCCTTGTTGCTATTTTAAAAG	ATAATTAATGGTGAACTAGAGATACTTAGTGTGAGGGGACATGAGTGAGAGAAACAGTGGATAGTGTGGCAGTTTCTGATCACGATGTCTCTGGAG	GTGTCCAGTGT	GAGGTGCAGCTGGTGGAGTCTGGGGGAGGCTTGGTACAGCCTGGGGGGTCCCTGAGACTCTCCTGTGCAGCCTCTGGATTCACCTTCCGTTAACTACTGCATGCAGTGGATCTGCCGGGCTCCAGGAAAGGGGCTGGAGTGGGTAGGTTTCACTAAAAACAAAACTAATCGTGGAACAACAGAATACGCCGCGTCTGTGAAAGGCAGATTCACCATCTCAAGCGATGATTCCAAAAGCATCGCCTATCTGCAAATGAACAGCCTGAAAACCGAGGACACGGCCGTGTATTACTATACCAGAGACACAGTGAGGGGAGGTCAGTGTGAGCCCAGACACAAACCT	AGGTTTGTGTCTGGGCTCAC
IGHV3-66*00	CCAGCCCAGCCCTGACCCTGCAGCTCTGGGAGAGGAGCCCAGCACTGGGATTCCGAGGTGTTTCCATTCAGTGATCTGCACTGAACACAGAGGACTCGCC	ATGGAGTTTGGGCTGAGCTGGGTTTTCCTTGTTGCTATTTTAAAAG	GTGATTCATGGAGAACTAGAGATATTGAGTGTGAGTGAACACGAGTGAGAGAAACAGTGGATATGTGTGGCAGTTTCTAACCAATGTCTCTGTGTTTGCAG	GTGTCCAGTGT	GAGGTGCAGCTGGTGGAGTCTGGAGGAGGCTTGATCCAGCCTGGGGGGTCCCTGAGACTCTCCTGTGCAGCCTCTGGGTTCACCGTCAGTAGCAACTACATGAGCTGGGTCCGCCAGGCTCCAGGGAAGGGGCTGGAGTGGGTCTCAGTTATTTATAGCTGTGGTAGCACATACTACGCAGACTCCGTGAAGGGCCGATTCACCATCTCCAGAGACAATTCCAAGAACACGCTGTATCTTCAAATGAACAGCCTGAGAGCTGAGGACACGGCTGTGTATTACTGTGCGAGAGAC	GTCTCTCGCACAGTAATACA
IGHV3-71*00				ATGGAGTCATGGCTGAGCTGGGTTTTTCTTGCCGCTATTTTAAAAGGTAATTCATTGAGAACTATTGAAATTGAGTGTGAGTGGATAAGAGTGAGAGAAACAGTGGATTTGTGTGGCAGTTTCTGACCAGGGTTTCTTTTTGTTTGCAGGTGTCCAGTGT	GAGGTGCAGCTGGTGGAGTCCGGGGGAGGCTTGGTCCAGCCTGGGGGGTCCCTGAGACTCTCCTGTGCAGCCTCTGGATTCACCTTCAGTGACTACTACATGAGCTGGGTCCGCCAGGCTCCCGGGAAGGGGCTGGAGTGGGTAGGTTTCATTAGAAACAAAGCTAATGGTGGGACAACAGAATAGACCACGTCTGTGAAAGGCAGATTCACAATCTCAAGAGATGATTCCAAAAGCATCACCTATCTGCAAATGAACAGCCTGAGAGCCGAGGACACGGCCGTGTATTACTGTGCGAGAGAC	GTCTCTCGCACAGTAATACA
IGHV3-72*00	CAGCCCAGCCCTGACCCTGCAGCTCTGAGAGCGGAGCCCCAGCCCCAGAATTCCCAGGTGTTTTCATTTGGTGATCAGCACTGAACACAGAGGACTCACC	ATGGAGTTTGGGCTGAGCTGGGTTTTCCTTGTTGTTATTTTACAAG	GTGATTTATGGAGAACTAGAGATGTTAAGTGTGAGTGGACGTGAGTGAGAGAAACAGTGGATTTGTGTGACAGTTTCTGACCAGGGTGTCTCTGTGTTTGCAG	GTGTCCAGTGT	GAGGTGCAGCTGGTGGAGTCTGGGGGAGGCTTGGTCCAGCCTGGAGGGTCCCTGAGACTCTCCTGTGCAGCCTCTGGATTCACCTTCAGTGACCACTACATGGACTGGGTCCGCCAGGCTCCAGGGAAGGGGCTGGAGTGGGTTGGCCGTACTAGAAACAAAGCTAACAGTTACACCACAGAATACGCCGCGTCTGTGAAAGGCAGATTCACCATCTCAAGAGATGATTCAAAGAACTCACTGTATCTGCAAATGAACAGCCTGAAAACCGAGGACACGGCCGTGTATTACTGTGCTAGAGAC	GTCTCTAGCACAGTAATACA
IGHV3-73*00	CAGCCCAGCCCTGACCCTGCAGCTCTGGGAGAGGAGCTCCAGCCTTGGGATTCCCAGCTGTCTCCACTCGGTGATCGGCACTGAATACAGGAGACTCACC	ATGGAGTTTGGGCTGAGCTGGGTTTTCCTTGTTGCTATTTTAAAAG	GTGATTCATGGGGAACTAGAGATACTGAGTGTGAGTGGACATGAGTGAGAGAAACAGTGGACGTGTGTGGCACTTTCTGACCAGGGTGTCTCTGTGTTTGCAG	GTGTCCAGTGT	GAGGTGCAGCTGGTGGAGTCCGGGGGAGGCTTGGTCCAGCCTGGGGGGTCCCTGAAACTCTCCTGTGCAGCCTCTGGGTTCACCTTCAGTGGCTCTGCTATGCACTGGGTCCGCCAGGCTTCCGGGAAAGGGCTGGAGTGGGTTGGCCGTATTAGAAGCAAAGCTAACAGTTACGCGACAGCATATGCTGCGTCGGTGAAAGGCAGGTTCACCATCTCCAGAGATGATTCAAAGAACACGGCGTATCTGCAAATGAACAGCCTGAAAACCGAGGACACGGCCGTGTATTACTGTACTAGACAC	GTGTCTAGTACAGTAATACA
IGHV3-74*00	CTGAAGAAAACCAGCCCTGCAGCTCTGGGAGAGGAGCCCCAGCCCTGGGATTCCCAGCTGTTTCTGCTTGCTGATCAGGACTGCACACAGAGAACTCACC	ATGGAGTTTGGGCTGAGCTGGGTTTTCCTTGTTGCTATTTTAAAAG	GTGATTCATGGAGAACTGGAGATATGGAGTGTGAATGGACATGAGTGAGATAAGCAGTGGATGTGTGTGGCAGTTTCTGACCAGGGTGTCTCTGTGTTTGCAG	GTGTCCAGTGT	GAGGTGCAGCTGGTGGAGTCCGGGGGAGGCTTAGTTCAGCCTGGGGGGTCCCTGAGACTCTCCTGTGCAGCCTCTGGATTCACCTTCAGTAGCTACTGGATGCACTGGGTCCGCCAAGCTCCAGGGAAGGGGCTGGTGTGGGTCTCACGTATTAATAGTGATGGGAGTAGCACAAGCTACGCGGACTCCGTGAAGGGCCGATTCACCATCTCCAGAGACAACGCCAAGAACACGCTGTATCTGCAAATGAACAGTCTGAGAGCCGAGGACACGGCTGTGTATTACTGTGCAAGAGAC	GTCTCTTGCACAGTAATACA
IGHV3-75*00	ACCAGCCCTGCCCTCACCCTACAGTTCTGGGATGGGAGACCCAGCCCTGGAATTTCAAGGTTTTTCCACATGGTGATTAGCACTGAACAGAGAACTCACC	ATGGGGTTTGTGCTGACTTGGGATTTACTTGTTACTATTTTAAAA	GTAGATTCAGGGTGAACTAGAGATTTTGAGTGTGAGTGGATAACAGTTAAGGAAACACTGAAAATATGTGCCAGTTTCTGACCAGGATGCCCCTGTGTTTTTGG	GTGTCCAGTGT	GAGGCGCAGTTGTTGGAGCCTGGGGGAGACTTGGTACAGCCTGGCGCGGTGGGGGTGGGGGTCCCTGAGACTGTCCTGTGCAGCCTCTGGATTTGCCTTCAGTAGCCACTGGATGCACTGGGCCTGCCAGGCTCCAGGGAACAGACTGGAGTGGGTCTCATGTATTAGTACTGATGGGAGTAGCATACGCTATGCACATTCTGGGAAGTTCTGATTCCCCATCTCCAGAAACAATGCCAAGAACACACTCTTATCTGGAAATGAACAGTTTGAGAGCTGAGTACACAGCCACGTATTACTGTGCTGGAGAC	GTCTCCAGCACAGTAATACG
IGHV3-76*00	CAGCCCAGCCCTGACTCTGCAGCTCTGGGAGACAAGCCCCAGCCGTGCAGTACCAAGGTGCTTCCATTCAGTGATTAGCACTGAACACTGAAGACATCCC	ATGGAGTTAGGAATGCGCTGGGTTTTCTTTGTTGTTGTTCTAAAAG	GCAATCAAGAAGAACTAGAAATATTGTCTGTGAGTGATATGAGTGAGAGAAACAGTGGATCTGTGTGGCAGTTTCTGACAAGAATGTCTCTGTGTTTGCAG	GTGTCCAATGT	GAAGTGTAGCTGGTAGAGTCTGGGGGAGGCTTGGTACAGCTTGGGGGGTCCATGTGACTCTCCTGTGCAGCCTCTGGATACACTTTCAGTAACTATGGCATGCACTAGGTGGACCAAGCTCCAGGGAAGGGACTGGAGTGGGTCTTACATTAATGCTAGTGGTGGAGGCATATACTACTCAGACTCTGTGAAGGGCCGGTTGACCATCTCCAGAGAAAACACCAAGAACTCACTGTATCTGCAAATAAACAGTTTCATTGCTGACACCATGGCCGTCTATTACTGTAAGAGAC	GTCTCTTACAGTAATAGACG
IGHV3-79*00	CAGCCCAGTCCTGACCCCGTAGGTTTGGGAGAGAAGCCCCAGCCCTGGGATTCCCAGGGGTTTCCGTTTTGTGATCAGGACTAAAGACAGAGGACCCATC	ATGGAGTCTGGGCTGAGCTGGGTTTCACAGTTGTTATTTTAAAAG	GTAAACCAGAGAAATAGAGTGTGAGTGAATATATTTGAGAGAAACAGTGGATATGTCAGGCAGTTTCTCACCAGGATCTCTACGAGTTTACG	GGTGTCCAGTGT	GAGGTACAGCTGGTGGAGTCTGGAGAGGACCCAAGACAACCTGGGTTCCCTGAGACTCTCCTGTGCAGCCTCTGGATTAACCTTCAGTAGCTACTGAATGAGCTCGGTTTCCCAGGCTCCAGGGAAGGGGCTGGAGTGAGTAGTAGATATACAGTGTGATGGAAGTCAGATATGTTATGCACAATCTGTGACGAGCAGATTCACCGTCTCCAAAGAAAATGCCAAGAACTCACTGTATTTGCAAATGAACAGTCTGAGAGCAGAGGGCACAGCTGTGTGTTACTGTATGTGAGGCACCAGGTAA	TTACCTGGTGCCTCACATAC
IGHV4-4*00	CTCAGGCACCCACAGGAAACCACCACACATTTCCTTAAATTCAGGGTCCAGCTCACATGGGAAATACTTTCTGAGACTCATGGACCTCCTGCACAAGAAC	ATGAAACACCTGTGGTTCTTCCTCCTGCTGGTGGCAGCTCCCAGAT	GTGAGTGTCTCAAGGCTGCAGACATGGGGATATGGGAGGTGCCTCTGATCCCAGGGCTCACTGTGGGTCTCTCTGTTCACAG	GGGTCCTGTCC	CAGGTGCAGCTGCAGGAGTCGGGCCCAGGACTGGTGAAGCCTTCGGAGACCCTGTCCCTCACCTGCACTGTCTCTGGTGGCTCCATCAGTAGTTACTACTGGAGCTGGATCCGGCAGCCCGCCGGGAAGGGACTGGAGTGGATTGGGCGTATCTATACCAGTGGGAGCACCAACTACAACCCCTCCCTCAAGAGTCGAGTCACCATGTCAGTAGACACGTCCAAGAACCAGTTCTCCCTGAAGCTGAGCTCTGTGACCGCCGCGGACACGGCCGTGTATTACTGTGCGAGAGAC	GTCTCTCGCACAGTAATACA
IGHV4-28*00	CTTAGGCACCCAAGGGAAACCATCACACATTTCCTTAAATTCAGGGTCCTGCTCACATGGGAAATACTTTCTGAGAGTCCTGGACCTCCTGTGCAAGAAC	ATGAAACACCTGTGGTTCTTCCTCCTGCTGGTGGCAGCTCCCAGAT	GTGAGTGTCTCAAGGCTGCAGACATGGAGATATGGGAGGTGCCTCTGAGCCCAGGGCTCACTGTGGGTCTCTCTGTTCACAG	TGGTCCTGTCC	CAGGTGCAGCTGCAGGAGTCGGGCCCAGGACTGGTGAAGCCTTCGGACACCCTGTCCCTCACCTGCGCTGTCTCTGGTTACTCCATCAGCAGTAGTAACTGGTGGGGCTGGATCCGGCAGCCCCCAGGGAAGGGACTGGAGTGGATTGGGTACATCTATTATAGTGGGAGCACCTACTACAACCCGTCCCTCAAGAGTCGAGTCACCATGTCAGTAGACACGTCCAAGAACCAGTTCTCCCTGAAGCTGAGCTCTGTGACCGCCGTGGACACGGCCGTGTATTACTGTGCGAGAAAC	GTTTCTCGCACAGTAATACA
IGHV4-30-2*00	GTCCTGGACCTCCTGTGCAAGAAC	ATGAAACACCTGTGGTTCTTCCTCCTGCTGGTGGCAGCTCCCAGAT	GTGAGTGTCTCAAGGCTGCAGACATGGAGATATGGGAGGTGCCTCTGAGCCCAGGGCTCACTGTGGGTCTCTCTGTTCACAG	GGGTCCTGTCC	CAGCTGCAGCTGCAGGAGTCCGGCTCAGGACTGGTGAAGCCTTCACAGACCCTGTCCCTCACCTGCGCTGTCTCTGGTGGCTCCATCAGCAGTGGTGGTTACTCCTGGAGCTGGATCCGGCAGCCACCAGGGAAGGGCCTGGAGTGGATTGGGTACATCTATCATAGTGGGAGCACCTACTACAACCCGTCCCTCAAGAGTCGAGTCACCATATCAGTAGACAGGTCCAAGAACCAGTTCTCCCTGAAGCTGAGCTCTGTGACCGCCGCGGACACGGCCGTGTATTACTGTGCCAGAGAC	GTCTCTGGCACAGTAATACA
IGHV4-31*00	CTTAGGCACCCACAGAAAACCACCACACATTTCCTTAAATTCAGGGTCCTGCTCACATGGGAAATACTTTCTGAGAGTCCTGGACCTCCTGTGCAAGAAC	ATGAAACACCTGTGGTTCTTCCTCCTGCTGGTGGCAGCTCCCAGAT	GTGAGTGTCTCAAGGCTGCAGACATGGAGATATGGGAGGTGCCTCTGATCCCAGGGCTCACTGTGTGTCTCTCTGTTCACAG	GGGTCCTGCCC	CAGGTGCAGCTGCAGGAGTCGGGCCCAGGACTGGTGAAGCCTTCACAGACCCTGTCCCTCACCTGTACTGTCTCTGGTGGCTCCATCAGCAGTGGTGGTTACTACTGGAGCTGGATCCGCCAGCACCCAGGGAAGGGCCTGGAGTGGATTGGGTACATCTATTACAGTGGGAGCACCTACTACAACCCGTCCCTCAAGAGTCGAGTTACCATATCAGTAGACACGTCTAAGAACCAGTTCTCCCTGAAGCTGAGCTCTGTGACTGCCGCGGACACGGCCGTGTATTACTGTGCGAGAGAC	GTCTCTCGCACAGTAATACA
IGHV4-34*00	CTTAGGCACCCACAGGAAATGACTACACATTTCCTTAAATTCAGGGTCCAGCTCACATGGGAAGTGCTTTCTGAGAGTCATGGACCTCCTGCACAAGAAC	ATGAAACACCTGTGGTTCTTCCTCCTCCTGGTGGCAGCTCCCAGAT	GTGAGTGTCTCAGGAATGCGGATATGAAGATATGAGATGCTGCCTCTGATCCCAGGGCTCACTGTGGGTTTCTCTGTTCACAG	GGGTCCTGTCC	CAGGTGCAGCTACAGCAGTGGGGCGCAGGACTGTTGAAGCCTTCGGAGACCCTGTCCCTCACCTGCGCTGTCTATGGTGGGTCCTTCAGTGGTTACTACTGGAGCTGGATCCGCCAGCCCCCAGGGAAGGGGCTGGAGTGGATTGGGGAAATCAATCATAGTGGAAGCACCAACTACAACCCGTCCCTCAAGAGTCGAGTCACCATATCAGTAGACACGTCCAAGAACCAGTTCTCCCTGAAGCTGAGCTCTGTGACCGCCGCGGACACGGCTGTGTATTACTGTGCGAGAGGC	GCCTCTCGCACAGTAATACA
IGHV4-39*00	ACTTAGGCGCCCACAGGAAGCCACCACACATTTCCTTAAATTCAGGTCCAACTCATAAGGGAAATGCTTTCTGAGAGTCATGGATCTCATGTGCAAGAAA	ATGAAGCACCTGTGGTTCTTCCTCCTGCTGGTGGCGGCTCCCAGAT	GTGAGTGTTTCTAGGATGCAGACATGGAGATATGGGAGGCTGCCTCTGATCCCAGGGCTCACTGTGGGTTTTTCTGTTCACAG	GGGTCCTGTCC	CAGCTGCAGCTGCAGGAGTCGGGCCCAGGACTGGTGAAGCCTTCGGAGACCCTGTCCCTCACCTGCACTGTCTCTGGTGGCTCCATCAGCAGTAGTAGTTACTACTGGGGCTGGATCCGCCAGCCCCCAGGGAAGGGGCTGGAGTGGATTGGGAGTATCTATTATAGTGGGAGCACCTACTACAACCCGTCCCTCAAGAGTCGAGTCACCATATCCGTAGACACGTCCAAGAACCAGTTCTCCCTGAAGCTGAGCTCTGTGACCGCCGCAGACACGGCTGTGTATTACTGTGCGAGACAC	GTGTCTCGCACAGTAATACA
IGHV4-55*00	CTTAGGCACCTACAGGAAACCAGCACACATTTCCTTAAATTTGGGATCCAGCTCACATGGGAAATACTTTCTGAGACTCATGGGCCTCCTGCACAAGAAC	ATGAAACACCTGTGGTTCTTCCTCCTGCTGGTGGCAGCTCCCAGAT	GTGAGTGCCTCAGGGATCCAGACCTGAAGATATGAGATGCTGCCTCTCATCCCAGGGCTCACCGTGGTTCTCTCTGTTCACAG	GGGTCCTGTCC	CAGGTGCAGCTGCAGGAGTCGGGCCCAGGACTGGTGAAGCCTTCGGAGACCCTGTCCCTCATCTGCGCTGTCTCTGGTGACTCCATCAGCAGTGGTAACTGGTGAATCTGGGTCCGCCAGCCCCCAGGGAAGGGGCTGGAGTGGATTGGGGAAATCCATCATAGTGGGAGCACCTACTACAACCCGTCCCTCAAGAGTCGAATCACCATGTCCGTAGACACGTCCAAGAACCAGTTCTACCTGAAGCTGAGCTCTGTGACCGCCGCGGACACGGCCGTGTATTACTGTGCGAGATAC	GTATCTCGCACAGTAATACA
IGHV4-59*00	CTTAAGCACCCACAGGAAACCACCACACATTTCCTTAAATTCAGGTTCCAGCTCACATGGGAAATACTTTCTGAGAGTCCTGGACCTCCTGTGCAAGAAC	ATGAAACATCTGTGGTTCTTCCTTCTCCTGGTGGCAGCTCCCAGAT	GTGAGTATCTCAGGGATCCAGACATGGGGATATGGGAGGTGCCTCTGATCCCAGGGCTCACTGTGGGTCTCTCTGTTCACAG	GGGTCCTGTCC	CAGGTGCAGCTGCAGGAGTCGGGCCCAGGACTGGTGAAGCCTTCGGAGACCCTGTCCCTCACCTGCACTGTCTCTGGTGGCTCCATCAGTAGTTACTACTGGAGCTGGATCCGGCAGCCCCCAGGGAAGGGACTGGAGTGGATTGGGTATATCTATTACAGTGGGAGCACCAACTACAACCCCTCCCTCAAGAGTCGAGTCACCATATCAGTAGACACGTCCAAGAACCAGTTCTCCCTGAAGCTGAGCTCTGTGACCGCTGCGGACACGGCCGTGTATTACTGTGCGAGAGAC	GTCTCTCGCACAGTAATACA
IGHV4-61*00	TTAAGCACCCACAGGAAACCACCACACATTTCCTTAAATTCAGGTTCCAGCTCACATGGGAAATACTTTCTGAGAGTCCTGGACCTCCTGTGCAAGAAC	ATGAAACACCTGTGGTTCTTCCTCCTCCTGGTGGCAGCTCCCAGAT	GTGAGTGTCTCAGGGATCCAGACATGGGGGTATGGGAGGTGCCTCTGATCCCAGGGCTCACTGTGGGTCTCTCTGTTCACAG	GGGTCCTGTCC	CAGGTGCAGCTGCAGGAGTCGGGCCCAGGACTGGTGAAGCCTTCGGAGACCCTGTCCCTCACCTGCACTGTCTCTGGTGGCTCCGTCAGCAGTGGTGGTTACTACTGGAGCTGGATCCGGCAGCCCCCAGGGAAGGGACTGGAGTGGATTGGGTATATCTATTACAGTGGGAGCACCAACTACAACCCCTCCCTCAAGAGTCGAGTCACCATATCAGTAGACACGTCCAAGAACCAGTTCTCCCTGAAGCTGAGCTCTGTGACCGCTGCGGACACGGCCGTGTATTACTGTGCGAGAGAC	GTCTCTCGCACAGTAATACA
IGHV4-80*00	TAAGCGCCCACAGGGAAACCACCACACATTTCCTTAAATTCGGCGTTCTGCTTACACGGGAAATGCTTTCTGAGAGTCATGGACCTCGTGTGAAAAGAAC	ATGAAAAACCTGTGGTTCTTCCTCCCCCTGGTGGCAGCTCCCAGAA	GTGAGTGTCTCCAGGATGCAGATATGAAGATATGGGAGGCTGCATCTGAGCCCAGGGCTCACAGTGGGTCTCTGTGTTCACAG	GGGTCCTGTCC	CAGTGCAGCTGCAGGAGTGGGGCCCAGGACTGGTGAAGCTTCGGAGACCCTGTCCCTCACATGCGCTGTCTCTGGTGACTCCATCAGCAGTGGTAACTGGTGGAGCTGGTCCGCCAGTCCCCAGGGAAGGGGCTGGAATGGATTGGATACATCTATTATAGTGGGAGGAGCTACTACACCCCGTCCCTCAGGAGTTGAGTCACCATGTCAATAGAAACGTCCAAGAACCAGTTTTCCCTGAAGCTGAGCTCTGTGACCGCAG	CTGCGGTCACAGAGCTCAGC
IGHV5-10-1*00	TCAGCCTTTTCTCTGCAACTGAGGTTCTGGGTTATAAACCCTGTAGACTCTTCCCTTCAGGTCAGGGCGGCAACTATGCAA	ATGCAAGTGGGGGCCTCTCCACTTAAACCCAGGGCTCCCCTCCACA	GTGAGTCTCCTTCACCACCCAGCTGGGATCTCAGGGCTTCCTTTTCTGTCCTCCTCCAGGATGGGGTCAACCGCCATCCTCGCCCTCCTCCTGGCTGTTCTCCAAGGTCAGTCCTGCCGAGGGCTTGAGGTCACAGAGGAGAACGGGTGGAAAGCAACTCCTGATTCAAATTTTGTGTCTTCCATACAG	GAGTCTGTGCC	GAAGTGCAGCTGGTGCAGTCCGGAGCAGAGGTGAAAAAGCCCGGGGAGTCTCTGAGGATCTCCTGTAAGGGTTCTGGATACAGCTTTACCAGCTACTGGATCAGCTGGGTGCGCCAGATGCCCGGGAAAGGCCTGGAGTGGATGGGGAGGATTGATCCTAGTGACTCTTATACCAACTACAGCCCGTCCTTCCAAGGCCACGTCACCATCTCAGCTGACAAGTCCATCAGCACTGCCTACCTGCAGTGGAGCAGCCTGAAGGCCTCGGACACCGCCATGTATTACTGTGCGAGACAC	GTGTCTCGCACAGTAATACA
IGHV5-51*00	GTGGGGGCCTCCCCACTTAAACCCAGGGCTCCCCTCCACAGTGAGTCTCCCTCACTGCCCAGCTGGGATCTCAGGGCTTCATTTTCTGTCCTCCACCATC	ATGGGGTCAACCGCCATCCTCGCCCTCCTCCTGGCTGTTCTCCAAG	GTCAGTCCTGCCGAGGGCTTGAGGTCACAGAGGAGAACGGGTGGAAAGGAGCCCCTGATTCAAATTTTGTGTCTCCCCCACAG	GAGTCTGTGCC	GAGGTGCAGCTGGTGCAGTCTGGAGCAGAGGTGAAAAAGCCCGGGGAGTCTCTGAAGATCTCCTGTAAGGGTTCTGGATACAGCTTTACCAGCTACTGGATCGGCTGGGTGCGCCAGATGCCCGGGAAAGGCCTGGAGTGGATGGGGATCATCTATCCTGGTGACTCTGATACCAGATACAGCCCGTCCTTCCAAGGCCAGGTCACCATCTCAGCCGACAAGTCCATCAGCACCGCCTACCTGCAGTGGAGCAGCCTGAAGGCCTCGGACACCGCCATGTATTACTGTGCGAGACAC	GTGTCTCGCACAGTAATACA
IGHV5-78*00	GTGGGGGCCTCCCCACTTAAACCCAGGGCTCTCCTCCACAGTGAGTCTCCTTCACCACCCAGCTGGGATCTCAGTGCTTTCTTTTCTGTCCTCCTCCAGG	ATGGGGTCAACCGTCATCCTTTCCCTCGTCCTGGCTGTTCTCCAAG	GTCAGTCCTGCCCAGGGTTTGAGGTCACAGAGAAGAATGGGCAGAAGGGAGCCCCTGATGCAAATTTTGTGTCTCCCACACAG	GTGTCTTTGCC	GAGGTGCAGCTGTTGCAGTCTGCAGCAGAGGTGAAAAGACCCGGGGAGTCTCTGAGGATCTCCTGTAAGACTTCTGGATACAGCTTTACCAGCTACTGGATCCACTGGGTGCGCCAGATGCCCGGGAAAGAACTGGAGTGGATGGGGAGCATCTATCCTGGGAACTCTGATACCAGATACAGCCCATCCTTCCAAGGCCACGTCACCATCTCAGCCGACAGCTCCAGCAGCACCGCCTACCTGCAGTGGAGCAGCCTGAAGGCCTCGGACGCCGCCATGTATTATTGTGTGAGAGG	CCTCTCACACAATAATACAT
IGHV6-1*00	CCAGGGTGTGGTTTCCTGTTTAAATGTAGCCTCCCCCGCTGCAGAACTGCAGAGCCTGCTGAATTCTGGCTGACCAGGGCAGTCACCAGAGCTCCAGACA	ATGTCTGTCTCCTTCCTCATCTTCCTGCCCGTGCTGGGCCTCCCATGGG	GTCAGTGTCAGGGAGATGCCGTATTCACAGCAGCATTCACAGACTGAGGGGTGTTTCACTTTGCTGTTTCCTTTTGTCTCCAG	GTGTCCTGTCA	CAGGTACAGCTGCAGCAGTCAGGTCCAGGACTGGTGAAGCCCTCGCAGACCCTCTCACTCACCTGTGCCATCTCCGGGGACAGTGTCTCTAGCAACAGTGCTGCTTGGAACTGGATCAGGCAGTCCCCATCGAGAGGCCTTGAGTGGCTGGGAAGGACATACTACAGGTCCAAGTGGTATAATGATTATGCAGTATCTGTGAAAAGTCGAATAACCATCAACCCAGACACATCCAAGAACCAGTTCTCCCTGCAGCTGAACTCTGTGACTCCCGAGGACACGGCTGTGTATTACTGTGCAAGAGAC	GTCTCTTGCACAGTAATACA
IGHV7-4-1*00	TGAGAGCATCACCCAACAACCACACCCCTCCTAAGAAGAAGCCCCTAGACCACAGCTCCACACC	ATGGACTGGACCTGGAGGATCCTCTTCTTGGTGGCAGCAGCAACAG	GTAAGGGGCTCCCCAGTCACTGGGCTGAGGGAGAAACCAGCACAGTCAAGTGAGACTTCATGCACTCCCATCTCCTCTCCACAG	GTGCCCACTCC	CAGGTGCAGCTGGTGCAATCTGGGTCTGAGTTGAAGAAGCCTGGGGCCTCAGTGAAGGTTTCCTGCAAGGCTTCTGGATACACCTTCACTAGCTATGCTATGAATTGGGTGCGACAGGCCCCTGGACAAGGGCTTGAGTGGATGGGATGGATCAACACCAACACTGGGAACCCAACGTATGCCCAGGGCTTCACAGGACGGTTTGTCTTCTCCTTGGACACCTCTGTCAGCACGGCATATCTGCAGATCTGCAGCCTAAAGGCTGAGGACACTGCCGTGTATTACTGTGCGAGAGAC	GTCTCTCGCACAGTAATACA
IGHV7-27*00	CAAATAACTGAGGTAAATATAGATATCTTTGTGCCTTGAGAGCATCATCCAACAACCACAACTCTCCTCAGAAGAAGCCCCTAGACCACAGCACCTCAAC	ATGTACTGGACCTGGAGGATCCTCTTCTTGGTGGCAGCAGCAACAG	GTAAGGGACCTCCCAGTCACCGGGCTGAGAGAGAAACCAGGCCAGTCAAGTGAGACTTCACGCACTCCTGTCTCCTCTCCACAG	GTGTCCACTCA	CAGGTGCAGCTGGTGCAGTCTGGGCCTGAGGTGAAGAAGCCTGGAGCCTCATTGAAGGTTTCCTGCAAGGCTTCTGGATACACCTTCACAAGCTATGCTATCAGCTGGGTATGACAGGCCCATGGACAAGGGCTTGAGGAAATGGGATGGATCAACACCAACACTGGGAACCTAACGTATGCCCAGGGCTTCACAGGACGGTTTGTCTTCTCCATGGACACCTCCGTCAGCATGGCATATCTTCATATCAGCAGCCTAAAGGCTGAGGACACGT	ACGTGTCCTCAGCCTTTAGG
IGHV7-34-1*00	GCAATTAACTGAGGTGACTATAGTATCTCCGTTCCCTGAGAGCCTCACCCAACAACCACACCCCTCCTCTGGAGAAGCCCCTAGATCACAGCTCCTCACC	ATGGACTGGACCTGAAGGATCCTCTTCTTGATGGCAGCAGCAACAG	GTAAGGGGCTCCCCAGTCTCAGGGCTGAGGAAGAAACCAGGCCAGTCATGTGAGACTTCACCCACTCTTGTGTCCACTCCACAG	GTGCCCACTCC	CTGCAGCTGGTGCAGTCTGGGCCTGAGGTGAAGAAGCCTGGGGCCTCAGTGAAGGTCTCCTATAAGTCTTCTGGTTACACCTTCACCATCTATGGTATGAATTGGGTATGATAGACCCCTGGACAGGGCTTTGAGTGGATGTGATGGATCATCACCTACACTGGGAACCCAACGTATACCCACGGCTTCACAGGATGGTTTGTCTTCTCCATGGACACGTCTGTCAGCACGGCGTGTCTTCAGATCAGCAGCCTAAAGGCTGAGGACACGGCCGAGTATTACTGTGCGAAGTAC	GTACTTCGCACAGTAATACT
IGHV7-40*00					TATGGTATGAATTCAGTGTGACCAGCCCCTGGACAAGGGCTTGAGTGGATGGGATGGATCATCACCTACACTGGGAACCCAACATATACCAACGGCTTCACAGGACGGTTTCTATTCTCCATGGACACCTCTGTCAGCATGGCGTATCTGAAGATCAGCAGCCTAAAGGCTGAGGACACGGCCGTGTATGACTGTATGAGAGAC	GTCTCTCATACAGTCATACA
IGHV7-56*00	CAAATCACTAAGGTTAATACAGATATCTCTGTGCCGTGAGAGCATCACCCAACAACCACACCCCTCCTTGGGAGAATCCCCTAGATCACAGCTCCTCACC	ATGGACTGGACCTGGAGCATCCTCTTCTTGGTGGCAGCAGCAACAG	GTAAGGGACTCCCCAGTCCCAGGGCTGAGGGAGAAACCAGGCCAGTCATGTGAGACTTCACCCACTGCTGTCTCCTCTCCACAG	GTGCCCACTCC	CGAGTGCAGCTGGTGCAGTCTGGGCCTGAGGTGAAGCAGCCTGGGGCCTCGGCGAAGGTCTCCTGCAAGGTGTCTGGTTAAACTGTCATCACCTATGGTATGAATTGGATACGACAGACCCCAGGACAGGGGCTTGAGTGGATGGGATGGATCATCCTACCCTGGTGAACCCAATGTATGCCCACAGATTCACACACGGTTTGTCTTCTCCATGGACACCTCTGTCAGCACGGCGGATCTGCAGACTAGCTGCCTAAAGACTGAGGATGCAGCCATTTATTACTGTGTGAGGTAC	GTACCTCACACAGTAATAAA
IGHV7-81*00	GCAAATAACTGAGGGGAATATAGTATCTCTGTACCCTGAAAGCATCACCCAACAACAACATCCCTCCTTGGGAGAATCCCCTAGAGCACAGCTCCTCACC	ATGGACTGGACCTGGAGCATCCTCTTCTTGGTGGCAGCAGCAACAG	GTAAGGGGCTCCCCAGTCTCGGGGTTGAGGCAGAAACCAGGCCACTCAAGTGAGGCTTTACCCACCCCTGTGTCCTCTCCACAG	GTACCTACTCC	CAGGTGCAGCTGGTGCAGTCTGGCCATGAGGTGAAGCAGCCTGGGGCCTCAGTGAAGGTCTCCTGCAAGGCTTCTGGTTACAGTTTCACCACCTATGGTATGAATTGGGTGCCACAGGCCCCTGGACAAGGGCTTGAGTGGATGGGATGGTTCAACACCTACACTGGGAACCCAACATATGCCCAGGGCTTCACAGGACGGTTTGTCTTCTCCATGGACACCTCTGCCAGCACAGCATACCTGCAGATCAGCAGCCTAAAGGCTGAGGACATGGCCATGTATTACTGTGCGAGATAC	GTATCTCGCACAGTAATACA
IGHVII-15-1*00					GTTCTAGTAAAGCCCTCAGAGACCCTCTCCTTCACCTGTGCTGTCTCTGGATTTCCAATCATAACCAGTACTTCCTCCTGGAGCTGTATCTGCCAGCCCCCAGGGAAGAAGCTGAAGTGGGTCAGGTGTGTAGGTCACGAGGAAACACACAGTGCAACCCGCTTCTCAAGAGTCCAGTCACCACCTCCAGATCCACATTCAGAAAACAGTTTTTCCTACAGCTGAGCTACCCGCACAATGAGTAAACCACCATGGATTTTTATACAAAAGAC	GTCTTTTGTATAAAAATCCA
IGHVII-30-1*00					GGCCTGGTGAAGCCTTCACAGAACCTCTCCCTCACCTGTGCCATCTCTGCATTCTCCATCACAACCAGTGTTTCCTGCTGGAGCTGCATCCATCAGCGCCCCCATGGGAGGTACTGGAGTGGATCGGGTGCATAGGTCATGGAGGGAGCACAAATTACTCCCCTCTTCTCAAGAGTCCAGTCACCATCTCCAGATCCATGTCCAAAAAGTAGTTCTTCTTACAGCTGAACTATGTGAGGAACAAACACATAGCCATGTATTTTAGAGCAAAAGAC	GTCTTTTGCTCTAAAATACA
IGHVII-33-1*00					GGCCTGGTGAAGCCTTCACAGAACCTCTCCCTCACCTGTGCCATCTCTGCATTCTCCATCACAACCAGTGTTTCCTTCTGGAGCTGCATCCATCAGCGCCCCCATGGGAGGTACTGGAGTGGATCGGGTGCATAGGTCATGGAGGGAGCACAGATTACTCCCCTCTTCTCAAGAGTCCAGTCACCATCTCCAGATCCATGTCCAAAAAGTACTTCTTCTTACAGGTGAACTATGTGAGCAACAAACACATAGCCATGTATTTTAGAGCAAAAGAC	GTCTTTTGCTCTAAAATACA
IGHVII-51-2*00					GGCCTGGTGAGGCCCTCACAGACCCCCTCCCTCACCTGTGCTGTCTCTGGATTCTCCATCACAACTAGTGCTTCCTGCTGGAGCTGGATCCGCCAGTCCTCAGTCAAGGGAGTGGATCAGGGCATAGGTCACGAGGGAGCACAAATTCTAACCCACTCCTCATGAGCTCAGTCACCATCTCCAGATCCACGTCCAAGAACCAAATTTTCTTTTAGCTGAGTTCTGTGACCAACAATGCCACAACCTTGTATTACTGTGAGAGGA	TCCTCTCACAGTAATACAAG
IGHVII-62-1*00					GGCCTGGTGAAGCCCCCAAAGACCCTCTCCCTCATGTGTGTCATCTCTGCATTCTCCATCACAACCAGTGCTTCCTCCTGGATCTGCATCCATCACCCCCTCTCTGGGAGGGAATGGAGTGGATTGGGTCCATAGATGATGAAGGGAGCACACATTACTCCCCTTTCCTCAAGAGTCCAGTCACCATCCCCAGATCCATGTCCAAAAACAGTTCTTCCTACAGCTGAGCTACATGAGCAACAATCACATAGCCATATATTTTTCAGCAATAGAC	GTCTATTGCTGAAAAATATA
IGHVII-65-1*00				G	GGCTAGTGAAGCTCTCACAGACCCTCTCTCTCACCTGTGCTGTCTCTGCATTCTCCATCACAACCAGTGCTTCCTGCTGGAGCTGCATCCATCACCCCCCGCAAGGAAGGGACTGGAGCGAATCAGGTGCACAGGTCATGAGGGAGTGCACATTCCAACCCACTCCTCAAGAGTCCAGTCACTATCTCCAGATCCACATCCAAAAAACAGTGTTTCCTGTAGCTGAGCTACCTGAGCAACAAGTACACAACCATGAATTTTAATACAAAAGAC	GTCTTTTGTATTAAAATTCA
IGHVIII-2-1*00				AAGTCCTGTG	TGAAGTTTACTGATGGAGTCAGAGGGGGAAAAAATTTACAGCCCAGTGGTGAGACTCTCCTGCAAAGCCTCTGGTTTCACCTTTACTGGTTACAGCATGAGCTTGGTCCAGCACGCTTCACAACAGGGATAGGTGTGGGTGCCAACAGTGAGTGATCAAGTATGAATTCTCAGGGTTACTTTCCATGAGTACAAATAAATTAACAATCTCAAGCAACACCCTTTTAAGTGCAGTCTGCCTTACAATGACCAATCTGAAAGCCAAGGACAAGGTCATGTATTACTGTGAGTGAC	GTCACTCACAGTAATACATG
IGHVIII-26-1*00				AAGTCCTGTGTG	ATGTTTACTGATGGAGTCAGAAGGAGAAAAATTTAACAGCCCAGCAGTTCACTGAGACTGTCCTGCAAAGCCTCTGGTTTCGGGTTTACTGGGTGCAGCATGAGCTTGGTCCAGCACGCTTCACAACAGGAATTGGTGTGGGTAGCAACAGTGAGAGATCATATGGGAGTTCTAAGGGTTACTCTCCATGAGTACAGATAAATCAACATTCCCAAGTGACACCCTTTCAAGTGCAGTCTACCTTACAAGGACCAACCTGAAAGCCAAGGGCAAGGCCGTATATTACAGTGAGGGAC	GTCCCTCACTGTAATATACG
IGHVIII-51-1*00				GTATCCAGGGT	GAGGCCCAGCTTACAGAGTCTGGGGGAGACTTGGTACACTGAGAGGGGCCCCTGAGGCTCTCCTGTGCAGCCTCTTGGTTCACCTTCAGTATCTATGAGATTCACTGGGTTTGCCAGGCCTCAGGGAAGGGGCTGGAATGGGTTGCAGTTATATGGCGTAGTGAAAGTCATCAATACAATGCAGACTATGTTAGGGGCAGACTCACCACTTCCAGAGACAACACCAAGTACATGCTGTACATGCAAATGAACAGCCTGAGAACCCAGAACATGGCAGCATTTAACTGTGCAGGAAAC	GTTTCCTGCACAGTTAAATG
IGHVIII-67-3*00				CAG	CCTGGCTGTTCTCTTAGCCTCTTTTGCAAAGCATCAAGATTCACCTTCACTGACTACAGCATAAATTGAGCCCAGATGGCTGGGGGACAGAGGCTGGAGTGGGTGGTAACAGTGATTGATTCAAGTGGAAGTTCTCAGTGATATTCTGCATCAGCATAATGAAGATTCACAATTCCCAGGGACACCAATTACCAGCACAGTCTCCCTTAAAATAATCTACTTGGAAGCTGAGGGGGCTCTCACAGGGGTAGGCAGTGTATTACTGTGAGAGAC	GTCTCTCACAGTAATACACT
